person_id,address_id,order_date,delivery_date,order_status,delivery_service_id
52,848,2024-02-19,2024-02-25,CANCELLED,3
39,887,2024-02-19,2024-02-25,CANCELLED,2
86,89,2024-02-19,2024-02-25,PLACED,2
27,378,2024-02-19,2024-02-25,COMPLETED,2
103,244,2024-02-19,2024-02-25,CANCELLED,1
92,495,2024-02-19,2024-02-25,COMPLETED,4
131,519,2024-02-19,2024-02-25,PLACED,2
95,122,2024-02-19,2024-02-25,PLACED,3
81,888,2024-02-19,2024-02-25,CANCELLED,1
57,497,2024-02-19,2024-02-25,PLACED,1
29,61,2024-02-19,2024-02-25,CANCELLED,2
155,421,2024-02-19,2024-02-25,CANCELLED,1
145,681,2024-02-19,2024-02-25,PLACED,1
146,317,2024-02-19,2024-02-25,PLACED,1
144,293,2024-02-19,2024-02-25,CANCELLED,1
65,153,2024-02-19,2024-02-25,COMPLETED,1
90,731,2024-02-19,2024-02-25,PLACED,3
200,792,2024-02-19,2024-02-25,PLACED,4
107,470,2024-02-19,2024-02-25,PLACED,4
73,371,2024-02-19,2024-02-25,COMPLETED,1
72,351,2024-02-19,2024-02-25,PLACED,2
24,202,2024-02-19,2024-02-25,CANCELLED,3
174,560,2024-02-19,2024-02-25,PLACED,2
189,551,2024-02-19,2024-02-25,PLACED,4
131,656,2024-02-19,2024-02-25,PLACED,2
56,2,2024-02-19,2024-02-25,COMPLETED,3
180,441,2024-02-19,2024-02-25,PLACED,3
93,713,2024-02-19,2024-02-25,COMPLETED,4
198,658,2024-02-19,2024-02-25,CANCELLED,2
126,583,2024-02-19,2024-02-25,CANCELLED,1
108,587,2024-02-19,2024-02-25,COMPLETED,1
116,618,2024-02-19,2024-02-25,PLACED,4
25,217,2024-02-19,2024-02-25,COMPLETED,3
188,488,2024-02-19,2024-02-25,CANCELLED,3
136,852,2024-02-19,2024-02-25,COMPLETED,3
128,422,2024-02-19,2024-02-25,CANCELLED,3
152,851,2024-02-19,2024-02-25,PLACED,1
24,353,2024-02-19,2024-02-25,PLACED,1
179,457,2024-02-19,2024-02-25,PLACED,3
173,692,2024-02-19,2024-02-25,PLACED,1
22,728,2024-02-19,2024-02-25,PLACED,3
58,237,2024-02-19,2024-02-25,PLACED,4
35,933,2024-02-19,2024-02-25,PLACED,4
52,310,2024-02-19,2024-02-25,CANCELLED,4
138,897,2024-02-19,2024-02-25,COMPLETED,1
39,289,2024-02-19,2024-02-25,COMPLETED,1
42,901,2024-02-19,2024-02-25,PLACED,1
61,671,2024-02-19,2024-02-25,COMPLETED,2
18,3,2024-02-19,2024-02-25,CANCELLED,3
12,936,2024-02-19,2024-02-25,PLACED,2
133,16,2024-02-19,2024-02-25,CANCELLED,4
52,948,2024-02-19,2024-02-25,PLACED,2
171,666,2024-02-19,2024-02-25,PLACED,1
48,539,2024-02-19,2024-02-25,PLACED,4
66,51,2024-02-19,2024-02-25,COMPLETED,3
178,738,2024-02-19,2024-02-25,PLACED,3
158,335,2024-02-19,2024-02-25,PLACED,4
195,185,2024-02-19,2024-02-25,COMPLETED,2
65,839,2024-02-19,2024-02-25,COMPLETED,4
113,908,2024-02-19,2024-02-25,PLACED,1
51,657,2024-02-19,2024-02-25,COMPLETED,4
85,624,2024-02-19,2024-02-25,CANCELLED,3
106,972,2024-02-19,2024-02-25,COMPLETED,2
204,145,2024-02-19,2024-02-25,PLACED,2
68,365,2024-02-19,2024-02-25,CANCELLED,2
96,806,2024-02-19,2024-02-25,PLACED,2
20,275,2024-02-19,2024-02-25,PLACED,1
9,813,2024-02-19,2024-02-25,CANCELLED,2
127,828,2024-02-19,2024-02-25,COMPLETED,3
189,278,2024-02-19,2024-02-25,PLACED,1
96,648,2024-02-19,2024-02-25,PLACED,4
31,812,2024-02-19,2024-02-25,PLACED,2
127,512,2024-02-19,2024-02-25,PLACED,4
23,802,2024-02-19,2024-02-25,CANCELLED,2
47,888,2024-02-19,2024-02-25,COMPLETED,3
199,914,2024-02-19,2024-02-25,CANCELLED,1
43,459,2024-02-19,2024-02-25,COMPLETED,4
77,362,2024-02-19,2024-02-25,CANCELLED,3
12,348,2024-02-19,2024-02-25,CANCELLED,1
124,709,2024-02-19,2024-02-25,PLACED,1
81,262,2024-02-19,2024-02-25,COMPLETED,1
120,332,2024-02-19,2024-02-25,PLACED,3
160,168,2024-02-19,2024-02-25,PLACED,2
165,348,2024-02-19,2024-02-25,COMPLETED,1
136,244,2024-02-19,2024-02-25,PLACED,4
78,233,2024-02-19,2024-02-25,CANCELLED,3
130,57,2024-02-19,2024-02-25,COMPLETED,2
19,252,2024-02-19,2024-02-25,COMPLETED,4
29,965,2024-02-19,2024-02-25,COMPLETED,4
193,406,2024-02-19,2024-02-25,COMPLETED,1
138,949,2024-02-19,2024-02-25,PLACED,1
130,101,2024-02-19,2024-02-25,CANCELLED,4
133,344,2024-02-19,2024-02-25,CANCELLED,3
182,858,2024-02-19,2024-02-25,COMPLETED,1
168,566,2024-02-19,2024-02-25,PLACED,3
39,675,2024-02-19,2024-02-25,COMPLETED,4
160,975,2024-02-19,2024-02-25,PLACED,1
190,286,2024-02-19,2024-02-25,CANCELLED,3
120,519,2024-02-19,2024-02-25,COMPLETED,3
104,361,2024-02-19,2024-02-25,CANCELLED,2
171,266,2024-02-19,2024-02-25,PLACED,4
34,454,2024-02-19,2024-02-25,COMPLETED,4
108,71,2024-02-19,2024-02-25,COMPLETED,2
12,518,2024-02-19,2024-02-25,PLACED,3
133,376,2024-02-19,2024-02-25,CANCELLED,2
37,789,2024-02-19,2024-02-25,CANCELLED,1
104,687,2024-02-19,2024-02-25,COMPLETED,2
114,184,2024-02-19,2024-02-25,PLACED,3
155,80,2024-02-19,2024-02-25,COMPLETED,1
154,881,2024-02-19,2024-02-25,CANCELLED,4
140,962,2024-02-19,2024-02-25,PLACED,4
179,71,2024-02-19,2024-02-25,CANCELLED,1
47,435,2024-02-19,2024-02-25,CANCELLED,1
181,382,2024-02-19,2024-02-25,COMPLETED,2
36,550,2024-02-19,2024-02-25,COMPLETED,3
132,347,2024-02-19,2024-02-25,CANCELLED,3
110,310,2024-02-19,2024-02-25,CANCELLED,2
115,476,2024-02-19,2024-02-25,CANCELLED,1
78,537,2024-02-19,2024-02-25,COMPLETED,1
5,837,2024-02-19,2024-02-25,CANCELLED,4
187,671,2024-02-19,2024-02-25,COMPLETED,4
78,878,2024-02-19,2024-02-25,CANCELLED,4
87,947,2024-02-19,2024-02-25,COMPLETED,2
194,690,2024-02-19,2024-02-25,PLACED,3
142,353,2024-02-19,2024-02-25,CANCELLED,4
100,31,2024-02-19,2024-02-25,PLACED,3
93,842,2024-02-19,2024-02-25,COMPLETED,1
148,182,2024-02-19,2024-02-25,CANCELLED,2
153,215,2024-02-19,2024-02-25,COMPLETED,1
156,240,2024-02-19,2024-02-25,COMPLETED,1
192,702,2024-02-19,2024-02-25,PLACED,1
80,156,2024-02-19,2024-02-25,PLACED,4
65,620,2024-02-19,2024-02-25,PLACED,4
25,908,2024-02-19,2024-02-25,CANCELLED,1
80,925,2024-02-19,2024-02-25,COMPLETED,1
110,538,2024-02-19,2024-02-25,COMPLETED,1
195,748,2024-02-19,2024-02-25,CANCELLED,2
100,424,2024-02-19,2024-02-25,CANCELLED,1
37,98,2024-02-19,2024-02-25,PLACED,1
130,374,2024-02-19,2024-02-25,COMPLETED,4
114,759,2024-02-19,2024-02-25,COMPLETED,2
146,735,2024-02-19,2024-02-25,COMPLETED,2
36,203,2024-02-19,2024-02-25,PLACED,4
95,575,2024-02-19,2024-02-25,CANCELLED,2
202,492,2024-02-19,2024-02-25,CANCELLED,2
179,705,2024-02-19,2024-02-25,COMPLETED,2
120,817,2024-02-19,2024-02-25,CANCELLED,4
136,291,2024-02-19,2024-02-25,COMPLETED,4
136,319,2024-02-19,2024-02-25,CANCELLED,4
20,175,2024-02-19,2024-02-25,COMPLETED,1
51,390,2024-02-19,2024-02-25,PLACED,3
20,711,2024-02-19,2024-02-25,PLACED,4
185,608,2024-02-19,2024-02-25,COMPLETED,2
189,86,2024-02-19,2024-02-25,PLACED,1
26,826,2024-02-19,2024-02-25,COMPLETED,2
12,532,2024-02-19,2024-02-25,PLACED,2
86,941,2024-02-19,2024-02-25,COMPLETED,3
22,130,2024-02-19,2024-02-25,PLACED,3
109,150,2024-02-19,2024-02-25,PLACED,1
121,94,2024-02-19,2024-02-25,COMPLETED,3
116,835,2024-02-19,2024-02-25,CANCELLED,3
26,786,2024-02-19,2024-02-25,COMPLETED,2
160,387,2024-02-19,2024-02-25,COMPLETED,1
72,567,2024-02-19,2024-02-25,PLACED,4
157,759,2024-02-19,2024-02-25,CANCELLED,1
146,847,2024-02-19,2024-02-25,PLACED,4
143,153,2024-02-19,2024-02-25,COMPLETED,2
106,342,2024-02-19,2024-02-25,COMPLETED,1
186,398,2024-02-19,2024-02-25,COMPLETED,1
69,76,2024-02-19,2024-02-25,PLACED,2
133,84,2024-02-19,2024-02-25,COMPLETED,3
5,365,2024-02-19,2024-02-25,CANCELLED,4
122,849,2024-02-19,2024-02-25,CANCELLED,4
178,638,2024-02-19,2024-02-25,PLACED,2
31,98,2024-02-19,2024-02-25,PLACED,2
27,818,2024-02-19,2024-02-25,PLACED,1
38,962,2024-02-19,2024-02-25,CANCELLED,1
81,518,2024-02-19,2024-02-25,COMPLETED,4
69,701,2024-02-19,2024-02-25,CANCELLED,1
156,877,2024-02-19,2024-02-25,CANCELLED,2
131,754,2024-02-19,2024-02-25,CANCELLED,4
105,436,2024-02-19,2024-02-25,COMPLETED,3
69,557,2024-02-19,2024-02-25,COMPLETED,2
105,91,2024-02-19,2024-02-25,CANCELLED,1
142,737,2024-02-19,2024-02-25,CANCELLED,1
25,876,2024-02-19,2024-02-25,COMPLETED,1
97,911,2024-02-19,2024-02-25,COMPLETED,2
198,436,2024-02-19,2024-02-25,CANCELLED,2
200,701,2024-02-19,2024-02-25,COMPLETED,2
112,810,2024-02-19,2024-02-25,CANCELLED,4
131,690,2024-02-19,2024-02-25,COMPLETED,1
20,638,2024-02-19,2024-02-25,COMPLETED,1
152,57,2024-02-19,2024-02-25,CANCELLED,2
17,831,2024-02-19,2024-02-25,CANCELLED,2
175,517,2024-02-19,2024-02-25,COMPLETED,2
185,781,2024-02-19,2024-02-25,PLACED,2
30,866,2024-02-19,2024-02-25,CANCELLED,3
198,603,2024-02-19,2024-02-25,COMPLETED,3
47,349,2024-02-19,2024-02-25,CANCELLED,1
202,289,2024-02-19,2024-02-25,COMPLETED,4
184,161,2024-02-19,2024-02-25,COMPLETED,3
155,115,2024-02-19,2024-02-25,COMPLETED,2
79,997,2024-02-19,2024-02-25,CANCELLED,4
49,645,2024-02-19,2024-02-25,CANCELLED,3
139,497,2024-02-19,2024-02-25,PLACED,1
138,524,2024-02-19,2024-02-25,COMPLETED,3
46,155,2024-02-19,2024-02-25,COMPLETED,4
15,843,2024-02-19,2024-02-25,PLACED,4
65,975,2024-02-19,2024-02-25,PLACED,1
42,325,2024-02-19,2024-02-25,COMPLETED,1
145,379,2024-02-19,2024-02-25,COMPLETED,4
124,605,2024-02-19,2024-02-25,COMPLETED,2
16,18,2024-02-19,2024-02-25,PLACED,3
98,686,2024-02-19,2024-02-25,PLACED,2
198,923,2024-02-19,2024-02-25,CANCELLED,1
85,431,2024-02-19,2024-02-25,COMPLETED,3
31,247,2024-02-19,2024-02-25,COMPLETED,1
10,338,2024-02-19,2024-02-25,CANCELLED,4
105,292,2024-02-19,2024-02-25,PLACED,4
87,950,2024-02-19,2024-02-25,COMPLETED,4
183,673,2024-02-19,2024-02-25,COMPLETED,4
62,143,2024-02-19,2024-02-25,PLACED,3
70,905,2024-02-19,2024-02-25,COMPLETED,3
62,997,2024-02-19,2024-02-25,PLACED,4
190,488,2024-02-19,2024-02-25,COMPLETED,2
73,171,2024-02-19,2024-02-25,PLACED,1
46,416,2024-02-19,2024-02-25,COMPLETED,4
109,441,2024-02-19,2024-02-25,COMPLETED,3
31,31,2024-02-19,2024-02-25,PLACED,4
172,199,2024-02-19,2024-02-25,COMPLETED,4
23,440,2024-02-19,2024-02-25,PLACED,2
63,158,2024-02-19,2024-02-25,COMPLETED,2
193,763,2024-02-19,2024-02-25,PLACED,2
75,713,2024-02-19,2024-02-25,CANCELLED,4
93,714,2024-02-19,2024-02-25,CANCELLED,1
170,558,2024-02-19,2024-02-25,COMPLETED,4
160,131,2024-02-19,2024-02-25,PLACED,3
175,46,2024-02-19,2024-02-25,PLACED,3
156,260,2024-02-19,2024-02-25,CANCELLED,1
14,409,2024-02-19,2024-02-25,COMPLETED,3
126,773,2024-02-19,2024-02-25,CANCELLED,3
121,664,2024-02-19,2024-02-25,PLACED,4
167,864,2024-02-19,2024-02-25,CANCELLED,1
114,768,2024-02-19,2024-02-25,CANCELLED,2
114,368,2024-02-19,2024-02-25,PLACED,3
13,698,2024-02-19,2024-02-25,CANCELLED,4
147,446,2024-02-19,2024-02-25,CANCELLED,4
90,498,2024-02-19,2024-02-25,COMPLETED,3
48,475,2024-02-19,2024-02-25,CANCELLED,4
197,207,2024-02-19,2024-02-25,CANCELLED,4
122,707,2024-02-19,2024-02-25,PLACED,1
107,790,2024-02-19,2024-02-25,CANCELLED,3
42,779,2024-02-19,2024-02-25,PLACED,2
114,135,2024-02-19,2024-02-25,PLACED,2
29,933,2024-02-19,2024-02-25,PLACED,1
168,230,2024-02-19,2024-02-25,PLACED,3
152,708,2024-02-19,2024-02-25,PLACED,4
192,138,2024-02-19,2024-02-25,COMPLETED,4
164,146,2024-02-19,2024-02-25,COMPLETED,2
83,423,2024-02-19,2024-02-25,COMPLETED,4
70,498,2024-02-19,2024-02-25,CANCELLED,1
64,324,2024-02-19,2024-02-25,PLACED,4
146,148,2024-02-19,2024-02-25,PLACED,3
156,247,2024-02-19,2024-02-25,PLACED,3
73,635,2024-02-19,2024-02-25,PLACED,2
92,697,2024-02-19,2024-02-25,COMPLETED,2
39,19,2024-02-19,2024-02-25,PLACED,2
147,212,2024-02-19,2024-02-25,PLACED,1
61,352,2024-02-19,2024-02-25,CANCELLED,2
157,623,2024-02-19,2024-02-25,PLACED,2
112,151,2024-02-19,2024-02-25,PLACED,1
134,325,2024-02-19,2024-02-25,COMPLETED,1
68,356,2024-02-19,2024-02-25,PLACED,1
141,629,2024-02-19,2024-02-25,CANCELLED,2
198,444,2024-02-19,2024-02-25,COMPLETED,2
152,555,2024-02-19,2024-02-25,PLACED,1
46,680,2024-02-19,2024-02-25,COMPLETED,4
163,874,2024-02-19,2024-02-25,PLACED,2
178,932,2024-02-19,2024-02-25,COMPLETED,1
46,8,2024-02-19,2024-02-25,PLACED,1
170,206,2024-02-19,2024-02-25,COMPLETED,2
110,346,2024-02-19,2024-02-25,PLACED,3
173,573,2024-02-19,2024-02-25,CANCELLED,2
163,146,2024-02-19,2024-02-25,CANCELLED,3
175,883,2024-02-19,2024-02-25,COMPLETED,2
75,771,2024-02-19,2024-02-25,COMPLETED,2
104,555,2024-02-19,2024-02-25,PLACED,3
161,445,2024-02-19,2024-02-25,COMPLETED,1
52,676,2024-02-19,2024-02-25,CANCELLED,2
64,446,2024-02-19,2024-02-25,CANCELLED,2
65,3,2024-02-19,2024-02-25,CANCELLED,2
5,283,2024-02-19,2024-02-25,PLACED,3
104,548,2024-02-19,2024-02-25,COMPLETED,3
180,459,2024-02-19,2024-02-25,CANCELLED,2
176,67,2024-02-19,2024-02-25,CANCELLED,2
180,542,2024-02-19,2024-02-25,COMPLETED,2
55,102,2024-02-19,2024-02-25,PLACED,2
24,338,2024-02-19,2024-02-25,PLACED,4
128,467,2024-02-19,2024-02-25,COMPLETED,1
115,568,2024-02-19,2024-02-25,COMPLETED,4
76,418,2024-02-19,2024-02-25,CANCELLED,2
26,720,2024-02-19,2024-02-25,CANCELLED,3
43,715,2024-02-19,2024-02-25,COMPLETED,4
177,631,2024-02-19,2024-02-25,CANCELLED,4
58,293,2024-02-19,2024-02-25,PLACED,4
7,599,2024-02-19,2024-02-25,COMPLETED,2
39,562,2024-02-19,2024-02-25,PLACED,2
40,731,2024-02-19,2024-02-25,CANCELLED,3
12,659,2024-02-19,2024-02-25,PLACED,2
197,329,2024-02-19,2024-02-25,COMPLETED,4
145,663,2024-02-19,2024-02-25,COMPLETED,3
175,374,2024-02-19,2024-02-25,PLACED,4
142,434,2024-02-19,2024-02-25,PLACED,1
196,812,2024-02-19,2024-02-25,COMPLETED,4
163,262,2024-02-19,2024-02-25,PLACED,3
191,561,2024-02-19,2024-02-25,CANCELLED,1
183,831,2024-02-19,2024-02-25,CANCELLED,2
30,296,2024-02-19,2024-02-25,CANCELLED,1
165,908,2024-02-19,2024-02-25,CANCELLED,1
66,849,2024-02-19,2024-02-25,COMPLETED,4
110,638,2024-02-19,2024-02-25,CANCELLED,4
77,788,2024-02-19,2024-02-25,PLACED,4
180,285,2024-02-19,2024-02-25,CANCELLED,4
122,918,2024-02-19,2024-02-25,PLACED,2
138,416,2024-02-19,2024-02-25,CANCELLED,3
23,64,2024-02-19,2024-02-25,PLACED,4
28,499,2024-02-19,2024-02-25,COMPLETED,2
52,724,2024-02-19,2024-02-25,COMPLETED,4
184,741,2024-02-19,2024-02-25,CANCELLED,2
92,175,2024-02-19,2024-02-25,COMPLETED,3
41,862,2024-02-19,2024-02-25,CANCELLED,1
179,882,2024-02-19,2024-02-25,COMPLETED,4
145,695,2024-02-19,2024-02-25,CANCELLED,1
73,782,2024-02-19,2024-02-25,CANCELLED,1
23,786,2024-02-19,2024-02-25,CANCELLED,3
120,477,2024-02-19,2024-02-25,PLACED,4
48,730,2024-02-19,2024-02-25,CANCELLED,3
24,512,2024-02-19,2024-02-25,PLACED,4
129,366,2024-02-19,2024-02-25,CANCELLED,1
35,679,2024-02-19,2024-02-25,CANCELLED,1
25,800,2024-02-19,2024-02-25,CANCELLED,4
187,826,2024-02-19,2024-02-25,CANCELLED,2
27,930,2024-02-19,2024-02-25,COMPLETED,4
27,617,2024-02-19,2024-02-25,PLACED,1
204,450,2024-02-19,2024-02-25,CANCELLED,1
199,513,2024-02-19,2024-02-25,PLACED,4
50,375,2024-02-19,2024-02-25,CANCELLED,1
56,924,2024-02-19,2024-02-25,CANCELLED,1
154,36,2024-02-19,2024-02-25,COMPLETED,4
138,760,2024-02-19,2024-02-25,PLACED,4
32,945,2024-02-19,2024-02-25,CANCELLED,1
105,56,2024-02-19,2024-02-25,PLACED,4
70,343,2024-02-19,2024-02-25,PLACED,4
117,704,2024-02-19,2024-02-25,COMPLETED,3
172,763,2024-02-19,2024-02-25,PLACED,4
172,493,2024-02-19,2024-02-25,PLACED,2
148,199,2024-02-19,2024-02-25,PLACED,3
39,404,2024-02-19,2024-02-25,COMPLETED,2
194,629,2024-02-19,2024-02-25,COMPLETED,4
52,766,2024-02-19,2024-02-25,COMPLETED,4
41,709,2024-02-19,2024-02-25,CANCELLED,2
27,449,2024-02-19,2024-02-25,CANCELLED,1
33,440,2024-02-19,2024-02-25,COMPLETED,4
86,418,2024-02-19,2024-02-25,COMPLETED,4
193,98,2024-02-19,2024-02-25,PLACED,4
138,81,2024-02-19,2024-02-25,CANCELLED,4
190,457,2024-02-19,2024-02-25,CANCELLED,1
162,64,2024-02-19,2024-02-25,CANCELLED,1
159,187,2024-02-19,2024-02-25,CANCELLED,2
24,965,2024-02-19,2024-02-25,CANCELLED,1
38,450,2024-02-19,2024-02-25,COMPLETED,4
199,83,2024-02-19,2024-02-25,PLACED,3
166,540,2024-02-19,2024-02-25,CANCELLED,2
157,343,2024-02-19,2024-02-25,PLACED,3
34,951,2024-02-19,2024-02-25,COMPLETED,2
8,943,2024-02-19,2024-02-25,CANCELLED,2
118,161,2024-02-19,2024-02-25,COMPLETED,1
145,694,2024-02-19,2024-02-25,CANCELLED,2
58,998,2024-02-19,2024-02-25,COMPLETED,1
71,837,2024-02-19,2024-02-25,CANCELLED,2
174,66,2024-02-19,2024-02-25,PLACED,2
187,735,2024-02-19,2024-02-25,PLACED,2
52,430,2024-02-19,2024-02-25,COMPLETED,1
106,845,2024-02-19,2024-02-25,PLACED,3
116,531,2024-02-19,2024-02-25,PLACED,1
5,244,2024-02-19,2024-02-25,COMPLETED,4
48,526,2024-02-19,2024-02-25,CANCELLED,4
28,159,2024-02-19,2024-02-25,CANCELLED,4
176,165,2024-02-19,2024-02-25,CANCELLED,2
13,210,2024-02-19,2024-02-25,PLACED,1
156,502,2024-02-19,2024-02-25,CANCELLED,1
130,991,2024-02-19,2024-02-25,PLACED,2
10,470,2024-02-19,2024-02-25,COMPLETED,4
105,561,2024-02-19,2024-02-25,PLACED,1
31,33,2024-02-19,2024-02-25,PLACED,3
101,226,2024-02-19,2024-02-25,COMPLETED,2
85,441,2024-02-19,2024-02-25,CANCELLED,4
18,155,2024-02-19,2024-02-25,PLACED,4
16,215,2024-02-19,2024-02-25,CANCELLED,1
188,695,2024-02-19,2024-02-25,COMPLETED,2
200,716,2024-02-19,2024-02-25,COMPLETED,1
61,407,2024-02-19,2024-02-25,CANCELLED,3
37,922,2024-02-19,2024-02-25,PLACED,3
41,766,2024-02-19,2024-02-25,COMPLETED,4
187,39,2024-02-19,2024-02-25,COMPLETED,1
84,243,2024-02-19,2024-02-25,COMPLETED,4
176,311,2024-02-19,2024-02-25,CANCELLED,1
126,472,2024-02-19,2024-02-25,CANCELLED,4
177,318,2024-02-19,2024-02-25,COMPLETED,2
49,40,2024-02-19,2024-02-25,PLACED,1
11,670,2024-02-19,2024-02-25,CANCELLED,4
127,881,2024-02-19,2024-02-25,PLACED,4
168,523,2024-02-19,2024-02-25,COMPLETED,3
44,294,2024-02-19,2024-02-25,COMPLETED,2
128,341,2024-02-19,2024-02-25,COMPLETED,2
68,721,2024-02-19,2024-02-25,CANCELLED,4
76,218,2024-02-19,2024-02-25,CANCELLED,2
125,27,2024-02-19,2024-02-25,COMPLETED,1
164,929,2024-02-19,2024-02-25,PLACED,3
19,194,2024-02-19,2024-02-25,PLACED,3
66,427,2024-02-19,2024-02-25,PLACED,2
32,221,2024-02-19,2024-02-25,CANCELLED,4
54,779,2024-02-19,2024-02-25,CANCELLED,1
154,561,2024-02-19,2024-02-25,CANCELLED,2
159,741,2024-02-19,2024-02-25,COMPLETED,3
65,631,2024-02-19,2024-02-25,CANCELLED,4
182,278,2024-02-19,2024-02-25,CANCELLED,1
53,892,2024-02-19,2024-02-25,COMPLETED,3
32,278,2024-02-19,2024-02-25,PLACED,4
166,58,2024-02-19,2024-02-25,CANCELLED,3
66,233,2024-02-19,2024-02-25,PLACED,2
71,852,2024-02-19,2024-02-25,CANCELLED,3
81,31,2024-02-19,2024-02-25,COMPLETED,2
38,768,2024-02-19,2024-02-25,COMPLETED,1
79,314,2024-02-19,2024-02-25,COMPLETED,4
34,51,2024-02-19,2024-02-25,CANCELLED,2
178,950,2024-02-19,2024-02-25,CANCELLED,1
142,129,2024-02-19,2024-02-25,COMPLETED,1
161,802,2024-02-19,2024-02-25,PLACED,4
94,60,2024-02-19,2024-02-25,COMPLETED,3
178,668,2024-02-19,2024-02-25,PLACED,4
172,160,2024-02-19,2024-02-25,PLACED,3
32,134,2024-02-19,2024-02-25,CANCELLED,3
75,845,2024-02-19,2024-02-25,CANCELLED,2
194,613,2024-02-19,2024-02-25,COMPLETED,4
19,224,2024-02-19,2024-02-25,COMPLETED,4
61,117,2024-02-19,2024-02-25,COMPLETED,3
111,476,2024-02-19,2024-02-25,COMPLETED,1
113,858,2024-02-19,2024-02-25,PLACED,3
147,955,2024-02-19,2024-02-25,PLACED,3
95,824,2024-02-19,2024-02-25,CANCELLED,1
65,302,2024-02-19,2024-02-25,CANCELLED,3
146,980,2024-02-19,2024-02-25,COMPLETED,3
98,664,2024-02-19,2024-02-25,CANCELLED,4
38,528,2024-02-19,2024-02-25,PLACED,1
23,362,2024-02-19,2024-02-25,COMPLETED,4
42,843,2024-02-19,2024-02-25,PLACED,2
87,342,2024-02-19,2024-02-25,PLACED,4
102,869,2024-02-19,2024-02-25,PLACED,2
61,126,2024-02-19,2024-02-25,COMPLETED,3
190,392,2024-02-19,2024-02-25,CANCELLED,3
42,938,2024-02-19,2024-02-25,CANCELLED,3
144,923,2024-02-19,2024-02-25,PLACED,1
165,486,2024-02-19,2024-02-25,PLACED,2
176,720,2024-02-19,2024-02-25,PLACED,3
187,593,2024-02-19,2024-02-25,PLACED,1
198,470,2024-02-19,2024-02-25,CANCELLED,2
176,793,2024-02-19,2024-02-25,CANCELLED,1
78,782,2024-02-19,2024-02-25,CANCELLED,3
21,908,2024-02-19,2024-02-25,CANCELLED,3
89,146,2024-02-19,2024-02-25,COMPLETED,4
89,514,2024-02-19,2024-02-25,CANCELLED,3
62,410,2024-02-19,2024-02-25,CANCELLED,2
142,810,2024-02-19,2024-02-25,CANCELLED,1
34,143,2024-02-19,2024-02-25,COMPLETED,2
130,800,2024-02-19,2024-02-25,CANCELLED,3
19,704,2024-02-19,2024-02-25,COMPLETED,4
199,436,2024-02-19,2024-02-25,COMPLETED,4
93,896,2024-02-19,2024-02-25,CANCELLED,1
42,693,2024-02-19,2024-02-25,CANCELLED,3
179,577,2024-02-19,2024-02-25,COMPLETED,4
97,21,2024-02-19,2024-02-25,COMPLETED,2
72,723,2024-02-19,2024-02-25,COMPLETED,1
111,854,2024-02-19,2024-02-25,CANCELLED,1
98,792,2024-02-19,2024-02-25,PLACED,1
21,160,2024-02-19,2024-02-25,CANCELLED,3
90,879,2024-02-19,2024-02-25,CANCELLED,2
164,828,2024-02-19,2024-02-25,PLACED,4
37,38,2024-02-19,2024-02-25,PLACED,3
24,710,2024-02-19,2024-02-25,COMPLETED,3
99,450,2024-02-19,2024-02-25,PLACED,2
8,734,2024-02-19,2024-02-25,PLACED,1
123,123,2024-02-19,2024-02-25,COMPLETED,3
145,464,2024-02-19,2024-02-25,CANCELLED,2
109,821,2024-02-19,2024-02-25,PLACED,4
104,762,2024-02-19,2024-02-25,COMPLETED,1
34,729,2024-02-19,2024-02-25,CANCELLED,3
56,917,2024-02-19,2024-02-25,PLACED,1
156,239,2024-02-19,2024-02-25,COMPLETED,4
144,118,2024-02-19,2024-02-25,PLACED,3
38,170,2024-02-19,2024-02-25,PLACED,1
185,419,2024-02-19,2024-02-25,COMPLETED,3
174,675,2024-02-19,2024-02-25,CANCELLED,3
134,403,2024-02-19,2024-02-25,CANCELLED,4
168,177,2024-02-19,2024-02-25,CANCELLED,4
11,472,2024-02-19,2024-02-25,CANCELLED,1
59,137,2024-02-19,2024-02-25,PLACED,4
25,940,2024-02-19,2024-02-25,COMPLETED,2
203,342,2024-02-19,2024-02-25,CANCELLED,1
168,469,2024-02-19,2024-02-25,PLACED,1
166,137,2024-02-19,2024-02-25,PLACED,4
11,828,2024-02-19,2024-02-25,PLACED,1
22,708,2024-02-19,2024-02-25,COMPLETED,4
100,517,2024-02-19,2024-02-25,PLACED,1
75,404,2024-02-19,2024-02-25,PLACED,4
125,554,2024-02-19,2024-02-25,CANCELLED,1
40,919,2024-02-19,2024-02-25,PLACED,1
68,295,2024-02-19,2024-02-25,COMPLETED,1
131,449,2024-02-19,2024-02-25,PLACED,2
50,896,2024-02-19,2024-02-25,CANCELLED,1
161,67,2024-02-19,2024-02-25,COMPLETED,4
62,897,2024-02-19,2024-02-25,COMPLETED,2
109,781,2024-02-19,2024-02-25,CANCELLED,3
192,450,2024-02-19,2024-02-25,PLACED,3
157,709,2024-02-19,2024-02-25,CANCELLED,3
63,309,2024-02-19,2024-02-25,CANCELLED,3
145,339,2024-02-19,2024-02-25,CANCELLED,2
183,655,2024-02-19,2024-02-25,CANCELLED,4
47,412,2024-02-19,2024-02-25,COMPLETED,1
32,587,2024-02-19,2024-02-25,CANCELLED,4
98,142,2024-02-19,2024-02-25,COMPLETED,4
129,900,2024-02-19,2024-02-25,COMPLETED,4
63,779,2024-02-19,2024-02-25,PLACED,2
27,295,2024-02-19,2024-02-25,COMPLETED,1
189,495,2024-02-19,2024-02-25,CANCELLED,1
26,185,2024-02-19,2024-02-25,COMPLETED,3
160,35,2024-02-19,2024-02-25,CANCELLED,2
116,451,2024-02-19,2024-02-25,COMPLETED,1
30,569,2024-02-19,2024-02-25,PLACED,3
79,546,2024-02-19,2024-02-25,COMPLETED,2
191,529,2024-02-19,2024-02-25,CANCELLED,4
144,368,2024-02-19,2024-02-25,COMPLETED,3
125,238,2024-02-19,2024-02-25,PLACED,3
90,451,2024-02-19,2024-02-25,CANCELLED,2
123,48,2024-02-19,2024-02-25,COMPLETED,2
112,856,2024-02-19,2024-02-25,CANCELLED,1
90,221,2024-02-19,2024-02-25,CANCELLED,3
189,10,2024-02-19,2024-02-25,CANCELLED,1
70,2,2024-02-19,2024-02-25,COMPLETED,4
7,41,2024-02-19,2024-02-25,COMPLETED,4
105,479,2024-02-19,2024-02-25,PLACED,1
123,896,2024-02-19,2024-02-25,PLACED,2
92,429,2024-02-19,2024-02-25,CANCELLED,4
93,135,2024-02-19,2024-02-25,PLACED,4
133,672,2024-02-19,2024-02-25,COMPLETED,1
132,161,2024-02-19,2024-02-25,PLACED,4
128,451,2024-02-19,2024-02-25,CANCELLED,3
148,869,2024-02-19,2024-02-25,PLACED,3
104,495,2024-02-19,2024-02-25,COMPLETED,4
58,909,2024-02-19,2024-02-25,PLACED,3
33,474,2024-02-19,2024-02-25,COMPLETED,1
20,609,2024-02-19,2024-02-25,COMPLETED,2
95,55,2024-02-19,2024-02-25,COMPLETED,3
21,983,2024-02-19,2024-02-25,COMPLETED,3
41,518,2024-02-19,2024-02-25,CANCELLED,3
103,82,2024-02-19,2024-02-25,PLACED,3
150,548,2024-02-19,2024-02-25,CANCELLED,4
137,578,2024-02-19,2024-02-25,COMPLETED,1
135,14,2024-02-19,2024-02-25,CANCELLED,4
47,830,2024-02-19,2024-02-25,PLACED,3
146,541,2024-02-19,2024-02-25,CANCELLED,4
100,263,2024-02-19,2024-02-25,CANCELLED,4
190,968,2024-02-19,2024-02-25,PLACED,3
22,511,2024-02-19,2024-02-25,PLACED,2
46,625,2024-02-19,2024-02-25,COMPLETED,3
98,706,2024-02-19,2024-02-25,CANCELLED,4
60,182,2024-02-19,2024-02-25,COMPLETED,3
204,44,2024-02-19,2024-02-25,COMPLETED,2
35,137,2024-02-19,2024-02-25,CANCELLED,3
94,185,2024-02-19,2024-02-25,COMPLETED,3
114,190,2024-02-19,2024-02-25,COMPLETED,1
26,646,2024-02-19,2024-02-25,PLACED,1
150,206,2024-02-19,2024-02-25,PLACED,2
200,871,2024-02-19,2024-02-25,COMPLETED,4
140,733,2024-02-19,2024-02-25,CANCELLED,1
128,767,2024-02-19,2024-02-25,PLACED,2
71,848,2024-02-19,2024-02-25,CANCELLED,3
26,281,2024-02-19,2024-02-25,COMPLETED,2
9,192,2024-02-19,2024-02-25,PLACED,2
75,675,2024-02-19,2024-02-25,PLACED,1
154,100,2024-02-19,2024-02-25,COMPLETED,1
42,109,2024-02-19,2024-02-25,COMPLETED,4
133,237,2024-02-19,2024-02-25,COMPLETED,2
76,912,2024-02-19,2024-02-25,CANCELLED,3
93,348,2024-02-19,2024-02-25,COMPLETED,2
119,820,2024-02-19,2024-02-25,PLACED,4
107,985,2024-02-19,2024-02-25,CANCELLED,1
201,748,2024-02-19,2024-02-25,COMPLETED,3
49,860,2024-02-19,2024-02-25,CANCELLED,2
129,665,2024-02-19,2024-02-25,COMPLETED,3
204,762,2024-02-19,2024-02-25,COMPLETED,4
95,552,2024-02-19,2024-02-25,CANCELLED,2
38,664,2024-02-19,2024-02-25,CANCELLED,3
89,656,2024-02-19,2024-02-25,CANCELLED,2
105,640,2024-02-19,2024-02-25,COMPLETED,1
103,646,2024-02-19,2024-02-25,COMPLETED,1
154,527,2024-02-19,2024-02-25,PLACED,3
80,465,2024-02-19,2024-02-25,CANCELLED,2
21,945,2024-02-19,2024-02-25,COMPLETED,3
44,601,2024-02-19,2024-02-25,CANCELLED,2
16,373,2024-02-19,2024-02-25,PLACED,3
69,137,2024-02-19,2024-02-25,COMPLETED,1
30,777,2024-02-19,2024-02-25,PLACED,1
10,637,2024-02-19,2024-02-25,PLACED,2
126,594,2024-02-19,2024-02-25,PLACED,1
138,216,2024-02-19,2024-02-25,CANCELLED,3
154,378,2024-02-19,2024-02-25,CANCELLED,3
101,316,2024-02-19,2024-02-25,CANCELLED,3
54,14,2024-02-19,2024-02-25,PLACED,1
141,317,2024-02-19,2024-02-25,CANCELLED,4
78,195,2024-02-19,2024-02-25,COMPLETED,1
47,65,2024-02-19,2024-02-25,CANCELLED,1
177,355,2024-02-19,2024-02-25,PLACED,2
191,978,2024-02-19,2024-02-25,CANCELLED,3
143,385,2024-02-19,2024-02-25,COMPLETED,2
157,235,2024-02-19,2024-02-25,PLACED,4
91,912,2024-02-19,2024-02-25,COMPLETED,2
165,982,2024-02-19,2024-02-25,COMPLETED,3
170,884,2024-02-19,2024-02-25,COMPLETED,1
135,553,2024-02-19,2024-02-25,CANCELLED,4
111,985,2024-02-19,2024-02-25,PLACED,2
32,122,2024-02-19,2024-02-25,CANCELLED,3
133,137,2024-02-19,2024-02-25,PLACED,4
163,879,2024-02-19,2024-02-25,PLACED,4
142,565,2024-02-19,2024-02-25,COMPLETED,3
198,356,2024-02-19,2024-02-25,PLACED,4
11,811,2024-02-19,2024-02-25,COMPLETED,3
169,387,2024-02-19,2024-02-25,COMPLETED,2
32,102,2024-02-19,2024-02-25,CANCELLED,3
127,501,2024-02-19,2024-02-25,PLACED,4
112,688,2024-02-19,2024-02-25,PLACED,4
80,257,2024-02-19,2024-02-25,CANCELLED,2
179,913,2024-02-19,2024-02-25,PLACED,2
120,775,2024-02-19,2024-02-25,CANCELLED,4
51,241,2024-02-19,2024-02-25,COMPLETED,1
90,741,2024-02-19,2024-02-25,CANCELLED,1
117,830,2024-02-19,2024-02-25,PLACED,4
90,112,2024-02-19,2024-02-25,PLACED,4
37,570,2024-02-19,2024-02-25,COMPLETED,3
51,728,2024-02-19,2024-02-25,COMPLETED,3
6,566,2024-02-19,2024-02-25,COMPLETED,4
184,40,2024-02-19,2024-02-25,COMPLETED,3
74,381,2024-02-19,2024-02-25,COMPLETED,4
187,260,2024-02-19,2024-02-25,CANCELLED,2
56,866,2024-02-19,2024-02-25,COMPLETED,3
111,941,2024-02-19,2024-02-25,COMPLETED,4
138,665,2024-02-19,2024-02-25,COMPLETED,2
38,88,2024-02-19,2024-02-25,PLACED,3
109,73,2024-02-19,2024-02-25,CANCELLED,3
13,168,2024-02-19,2024-02-25,PLACED,4
96,652,2024-02-19,2024-02-25,PLACED,3
94,336,2024-02-19,2024-02-25,CANCELLED,2
197,858,2024-02-19,2024-02-25,CANCELLED,1
110,972,2024-02-19,2024-02-25,PLACED,2
192,916,2024-02-19,2024-02-25,CANCELLED,1
65,386,2024-02-19,2024-02-25,PLACED,2
136,708,2024-02-19,2024-02-25,PLACED,3
111,917,2024-02-19,2024-02-25,CANCELLED,4
111,161,2024-02-19,2024-02-25,COMPLETED,4
41,965,2024-02-19,2024-02-25,CANCELLED,3
41,320,2024-02-19,2024-02-25,COMPLETED,4
106,74,2024-02-19,2024-02-25,COMPLETED,1
46,844,2024-02-19,2024-02-25,COMPLETED,4
180,390,2024-02-19,2024-02-25,CANCELLED,2
50,507,2024-02-19,2024-02-25,COMPLETED,4
103,525,2024-02-19,2024-02-25,CANCELLED,1
147,83,2024-02-19,2024-02-25,CANCELLED,1
93,586,2024-02-19,2024-02-25,CANCELLED,3
202,998,2024-02-19,2024-02-25,PLACED,2
188,600,2024-02-19,2024-02-25,COMPLETED,1
11,734,2024-02-19,2024-02-25,PLACED,3
47,792,2024-02-19,2024-02-25,CANCELLED,1
115,686,2024-02-19,2024-02-25,CANCELLED,2
42,178,2024-02-19,2024-02-25,PLACED,3
69,121,2024-02-19,2024-02-25,COMPLETED,4
165,611,2024-02-19,2024-02-25,PLACED,1
85,70,2024-02-19,2024-02-25,COMPLETED,2
169,41,2024-02-19,2024-02-25,PLACED,4
148,871,2024-02-19,2024-02-25,PLACED,1
101,58,2024-02-19,2024-02-25,CANCELLED,4
13,179,2024-02-19,2024-02-25,CANCELLED,2
100,21,2024-02-19,2024-02-25,PLACED,2
148,840,2024-02-19,2024-02-25,CANCELLED,2
179,735,2024-02-19,2024-02-25,CANCELLED,2
167,996,2024-02-19,2024-02-25,PLACED,4
67,665,2024-02-19,2024-02-25,PLACED,3
19,583,2024-02-19,2024-02-25,COMPLETED,1
48,636,2024-02-19,2024-02-25,CANCELLED,4
105,825,2024-02-19,2024-02-25,PLACED,4
145,536,2024-02-19,2024-02-25,COMPLETED,4
59,776,2024-02-19,2024-02-25,CANCELLED,4
54,733,2024-02-19,2024-02-25,COMPLETED,2
99,171,2024-02-19,2024-02-25,CANCELLED,4
44,629,2024-02-19,2024-02-25,COMPLETED,2
34,755,2024-02-19,2024-02-25,COMPLETED,3
91,816,2024-02-19,2024-02-25,COMPLETED,2
40,588,2024-02-19,2024-02-25,COMPLETED,4
102,708,2024-02-19,2024-02-25,PLACED,4
31,384,2024-02-19,2024-02-25,COMPLETED,2
61,505,2024-02-19,2024-02-25,PLACED,4
110,573,2024-02-19,2024-02-25,PLACED,3
33,733,2024-02-19,2024-02-25,PLACED,4
176,81,2024-02-19,2024-02-25,COMPLETED,4
126,533,2024-02-19,2024-02-25,COMPLETED,3
29,831,2024-02-19,2024-02-25,PLACED,3
52,460,2024-02-19,2024-02-25,PLACED,1
43,256,2024-02-19,2024-02-25,COMPLETED,2
36,102,2024-02-19,2024-02-25,PLACED,1
42,998,2024-02-19,2024-02-25,CANCELLED,3
192,470,2024-02-19,2024-02-25,PLACED,3
161,935,2024-02-19,2024-02-25,PLACED,3
159,48,2024-02-19,2024-02-25,PLACED,3
24,371,2024-02-19,2024-02-25,CANCELLED,1
196,308,2024-02-19,2024-02-25,CANCELLED,2
178,648,2024-02-19,2024-02-25,PLACED,3
45,745,2024-02-19,2024-02-25,CANCELLED,3
102,150,2024-02-19,2024-02-25,PLACED,4
108,243,2024-02-19,2024-02-25,CANCELLED,1
160,764,2024-02-19,2024-02-25,COMPLETED,2
13,838,2024-02-19,2024-02-25,CANCELLED,1
194,790,2024-02-19,2024-02-25,PLACED,2
36,109,2024-02-19,2024-02-25,CANCELLED,1
72,186,2024-02-19,2024-02-25,CANCELLED,1
73,721,2024-02-19,2024-02-25,PLACED,2
114,84,2024-02-19,2024-02-25,PLACED,1
184,213,2024-02-19,2024-02-25,PLACED,1
61,971,2024-02-19,2024-02-25,PLACED,3
33,221,2024-02-19,2024-02-25,COMPLETED,2
101,504,2024-02-19,2024-02-25,CANCELLED,2
84,300,2024-02-19,2024-02-25,COMPLETED,3
184,566,2024-02-19,2024-02-25,PLACED,3
49,496,2024-02-19,2024-02-25,PLACED,4
140,752,2024-02-19,2024-02-25,COMPLETED,4
98,955,2024-02-19,2024-02-25,CANCELLED,2
118,3,2024-02-19,2024-02-25,COMPLETED,4
171,780,2024-02-19,2024-02-25,PLACED,4
142,290,2024-02-19,2024-02-25,CANCELLED,3
99,849,2024-02-19,2024-02-25,PLACED,1
13,857,2024-02-19,2024-02-25,PLACED,1
114,209,2024-02-19,2024-02-25,COMPLETED,3
91,627,2024-02-19,2024-02-25,PLACED,1
35,57,2024-02-19,2024-02-25,PLACED,3
87,284,2024-02-19,2024-02-25,CANCELLED,4
61,912,2024-02-19,2024-02-25,COMPLETED,2
137,588,2024-02-19,2024-02-25,COMPLETED,2
186,400,2024-02-19,2024-02-25,CANCELLED,4
64,373,2024-02-19,2024-02-25,COMPLETED,2
15,439,2024-02-19,2024-02-25,CANCELLED,2
149,785,2024-02-19,2024-02-25,COMPLETED,2
154,899,2024-02-19,2024-02-25,CANCELLED,3
23,560,2024-02-19,2024-02-25,PLACED,4
181,267,2024-02-19,2024-02-25,PLACED,4
118,696,2024-02-19,2024-02-25,CANCELLED,1
18,261,2024-02-19,2024-02-25,PLACED,4
105,768,2024-02-19,2024-02-25,CANCELLED,1
110,613,2024-02-19,2024-02-25,CANCELLED,4
53,827,2024-02-19,2024-02-25,CANCELLED,2
97,67,2024-02-19,2024-02-25,PLACED,3
77,220,2024-02-19,2024-02-25,CANCELLED,3
178,499,2024-02-19,2024-02-25,COMPLETED,3
154,411,2024-02-19,2024-02-25,CANCELLED,1
86,142,2024-02-19,2024-02-25,COMPLETED,3
188,17,2024-02-19,2024-02-25,CANCELLED,2
88,128,2024-02-19,2024-02-25,PLACED,1
136,425,2024-02-19,2024-02-25,CANCELLED,4
132,801,2024-02-19,2024-02-25,CANCELLED,2
6,240,2024-02-19,2024-02-25,CANCELLED,2
189,614,2024-02-19,2024-02-25,CANCELLED,2
19,165,2024-02-19,2024-02-25,CANCELLED,2
73,356,2024-02-19,2024-02-25,CANCELLED,4
33,824,2024-02-19,2024-02-25,COMPLETED,3
71,506,2024-02-19,2024-02-25,PLACED,3
199,634,2024-02-19,2024-02-25,CANCELLED,3
89,614,2024-02-19,2024-02-25,PLACED,3
176,614,2024-02-19,2024-02-25,CANCELLED,4
162,420,2024-02-19,2024-02-25,COMPLETED,1
172,769,2024-02-19,2024-02-25,CANCELLED,2
37,66,2024-02-19,2024-02-25,CANCELLED,1
147,665,2024-02-19,2024-02-25,COMPLETED,3
129,356,2024-02-19,2024-02-25,PLACED,1
62,587,2024-02-19,2024-02-25,COMPLETED,1
141,331,2024-02-19,2024-02-25,PLACED,4
67,397,2024-02-19,2024-02-25,CANCELLED,2
148,42,2024-02-19,2024-02-25,CANCELLED,2
195,756,2024-02-19,2024-02-25,PLACED,1
167,777,2024-02-19,2024-02-25,COMPLETED,3
192,273,2024-02-19,2024-02-25,COMPLETED,4
135,647,2024-02-19,2024-02-25,PLACED,3
167,736,2024-02-19,2024-02-25,COMPLETED,2
71,712,2024-02-19,2024-02-25,CANCELLED,3
162,479,2024-02-19,2024-02-25,PLACED,3
58,406,2024-02-19,2024-02-25,COMPLETED,2
82,795,2024-02-19,2024-02-25,CANCELLED,1
116,683,2024-02-19,2024-02-25,PLACED,3
132,293,2024-02-19,2024-02-25,COMPLETED,2
26,263,2024-02-19,2024-02-25,CANCELLED,2
43,827,2024-02-19,2024-02-25,COMPLETED,2
46,106,2024-02-19,2024-02-25,COMPLETED,2
140,617,2024-02-19,2024-02-25,PLACED,1
63,56,2024-02-19,2024-02-25,COMPLETED,3
157,326,2024-02-19,2024-02-25,CANCELLED,1
83,994,2024-02-19,2024-02-25,PLACED,3
175,173,2024-02-19,2024-02-25,PLACED,2
188,67,2024-02-19,2024-02-25,CANCELLED,3
139,59,2024-02-19,2024-02-25,COMPLETED,2
9,393,2024-02-19,2024-02-25,PLACED,3
174,294,2024-02-19,2024-02-25,CANCELLED,3
56,913,2024-02-19,2024-02-25,CANCELLED,2
29,433,2024-02-19,2024-02-25,PLACED,1
200,377,2024-02-19,2024-02-25,COMPLETED,4
146,429,2024-02-19,2024-02-25,CANCELLED,2
10,857,2024-02-19,2024-02-25,CANCELLED,4
96,197,2024-02-19,2024-02-25,COMPLETED,2
49,244,2024-02-19,2024-02-25,PLACED,1
106,416,2024-02-19,2024-02-25,PLACED,1
38,294,2024-02-19,2024-02-25,PLACED,3
170,214,2024-02-19,2024-02-25,COMPLETED,2
72,885,2024-02-19,2024-02-25,CANCELLED,1
184,496,2024-02-19,2024-02-25,PLACED,3
150,733,2024-02-19,2024-02-25,CANCELLED,4
91,85,2024-02-19,2024-02-25,COMPLETED,4
194,873,2024-02-19,2024-02-25,PLACED,4
185,394,2024-02-19,2024-02-25,CANCELLED,1
41,384,2024-02-19,2024-02-25,CANCELLED,2
24,853,2024-02-19,2024-02-25,COMPLETED,4
190,937,2024-02-19,2024-02-25,COMPLETED,1
114,191,2024-02-19,2024-02-25,COMPLETED,3
162,498,2024-02-19,2024-02-25,COMPLETED,2
26,879,2024-02-19,2024-02-25,PLACED,2
119,641,2024-02-19,2024-02-25,COMPLETED,2
179,827,2024-02-19,2024-02-25,COMPLETED,2
71,349,2024-02-19,2024-02-25,COMPLETED,2
64,182,2024-02-19,2024-02-25,PLACED,2
127,410,2024-02-19,2024-02-25,CANCELLED,1
107,454,2024-02-19,2024-02-25,COMPLETED,2
16,144,2024-02-19,2024-02-25,PLACED,3
147,653,2024-02-19,2024-02-25,COMPLETED,1
130,413,2024-02-19,2024-02-25,COMPLETED,4
112,501,2024-02-19,2024-02-25,COMPLETED,1
153,312,2024-02-19,2024-02-25,PLACED,3
168,981,2024-02-19,2024-02-25,CANCELLED,1
176,964,2024-02-19,2024-02-25,CANCELLED,1
116,370,2024-02-19,2024-02-25,CANCELLED,3
111,337,2024-02-19,2024-02-25,PLACED,3
55,833,2024-02-19,2024-02-25,COMPLETED,1
97,433,2024-02-19,2024-02-25,COMPLETED,2
77,653,2024-02-19,2024-02-25,PLACED,4
42,305,2024-02-19,2024-02-25,COMPLETED,3
77,171,2024-02-19,2024-02-25,PLACED,3
13,17,2024-02-19,2024-02-25,PLACED,2
195,931,2024-02-19,2024-02-25,PLACED,3
55,809,2024-02-19,2024-02-25,CANCELLED,4
60,578,2024-02-19,2024-02-25,COMPLETED,3
65,964,2024-02-19,2024-02-25,COMPLETED,3
57,923,2024-02-19,2024-02-25,PLACED,4
28,749,2024-02-19,2024-02-25,COMPLETED,2
179,973,2024-02-19,2024-02-25,COMPLETED,1
113,609,2024-02-19,2024-02-25,CANCELLED,1
6,367,2024-02-19,2024-02-25,COMPLETED,3
25,703,2024-02-19,2024-02-25,CANCELLED,3
157,266,2024-02-19,2024-02-25,COMPLETED,4
45,542,2024-02-19,2024-02-25,COMPLETED,3
68,556,2024-02-19,2024-02-25,COMPLETED,3
90,20,2024-02-19,2024-02-25,CANCELLED,1
93,732,2024-02-19,2024-02-25,PLACED,4
183,445,2024-02-19,2024-02-25,COMPLETED,2
146,915,2024-02-19,2024-02-25,CANCELLED,2
145,224,2024-02-19,2024-02-25,PLACED,2
16,953,2024-02-19,2024-02-25,COMPLETED,4
139,141,2024-02-19,2024-02-25,COMPLETED,1
177,599,2024-02-19,2024-02-25,PLACED,1
121,404,2024-02-19,2024-02-25,CANCELLED,4
176,492,2024-02-19,2024-02-25,PLACED,4
126,845,2024-02-19,2024-02-25,COMPLETED,3
44,61,2024-02-19,2024-02-25,CANCELLED,4
7,262,2024-02-19,2024-02-25,CANCELLED,2
51,644,2024-02-19,2024-02-25,CANCELLED,3
98,152,2024-02-19,2024-02-25,CANCELLED,3
77,737,2024-02-19,2024-02-25,COMPLETED,1
158,246,2024-02-19,2024-02-25,COMPLETED,3
89,21,2024-02-19,2024-02-25,CANCELLED,1
138,775,2024-02-19,2024-02-25,COMPLETED,3
117,258,2024-02-19,2024-02-25,PLACED,3
34,369,2024-02-19,2024-02-25,CANCELLED,4
12,236,2024-02-19,2024-02-25,COMPLETED,2
49,640,2024-02-19,2024-02-25,COMPLETED,1
86,801,2024-02-19,2024-02-25,CANCELLED,1
162,646,2024-02-19,2024-02-25,COMPLETED,3
98,780,2024-02-19,2024-02-25,CANCELLED,1
108,485,2024-02-19,2024-02-25,CANCELLED,1
145,410,2024-02-19,2024-02-25,PLACED,2
187,67,2024-02-19,2024-02-25,PLACED,1
50,421,2024-02-19,2024-02-25,CANCELLED,2
55,572,2024-02-19,2024-02-25,CANCELLED,4
15,937,2024-02-19,2024-02-25,COMPLETED,1
50,809,2024-02-19,2024-02-25,COMPLETED,2
201,589,2024-02-19,2024-02-25,CANCELLED,3
173,572,2024-02-19,2024-02-25,CANCELLED,4
30,384,2024-02-19,2024-02-25,PLACED,1
167,627,2024-02-19,2024-02-25,COMPLETED,3
173,574,2024-02-19,2024-02-25,CANCELLED,4
136,845,2024-02-19,2024-02-25,CANCELLED,4
189,347,2024-02-19,2024-02-25,CANCELLED,2
204,436,2024-02-19,2024-02-25,CANCELLED,2
82,307,2024-02-19,2024-02-25,CANCELLED,2
130,771,2024-02-19,2024-02-25,COMPLETED,1
168,953,2024-02-19,2024-02-25,COMPLETED,1
110,799,2024-02-19,2024-02-25,CANCELLED,3
193,646,2024-02-19,2024-02-25,COMPLETED,2
48,908,2024-02-19,2024-02-25,COMPLETED,3
173,960,2024-02-19,2024-02-25,CANCELLED,3
29,883,2024-02-19,2024-02-25,PLACED,3
93,883,2024-02-19,2024-02-25,PLACED,1
47,667,2024-02-19,2024-02-25,CANCELLED,1
7,907,2024-02-19,2024-02-25,CANCELLED,4
191,999,2024-02-19,2024-02-25,CANCELLED,1
108,822,2024-02-19,2024-02-25,CANCELLED,2
191,701,2024-02-19,2024-02-25,PLACED,4
26,223,2024-02-19,2024-02-25,COMPLETED,3
151,282,2024-02-19,2024-02-25,COMPLETED,1
149,884,2024-02-19,2024-02-25,PLACED,4
160,11,2024-02-19,2024-02-25,PLACED,1
150,351,2024-02-19,2024-02-25,PLACED,4
179,806,2024-02-19,2024-02-25,COMPLETED,4
24,478,2024-02-19,2024-02-25,COMPLETED,4
142,637,2024-02-19,2024-02-25,CANCELLED,2
139,907,2024-02-19,2024-02-25,CANCELLED,1
64,582,2024-02-19,2024-02-25,COMPLETED,1
24,484,2024-02-19,2024-02-25,COMPLETED,3
40,638,2024-02-19,2024-02-25,PLACED,3
117,981,2024-02-19,2024-02-25,CANCELLED,3
177,820,2024-02-19,2024-02-25,PLACED,4
35,340,2024-02-19,2024-02-25,PLACED,2
198,273,2024-02-19,2024-02-25,COMPLETED,2
45,591,2024-02-19,2024-02-25,CANCELLED,4
165,445,2024-02-19,2024-02-25,PLACED,2
100,814,2024-02-19,2024-02-25,CANCELLED,4
44,416,2024-02-19,2024-02-25,PLACED,3
31,620,2024-02-19,2024-02-25,PLACED,3
51,350,2024-02-19,2024-02-25,PLACED,3
99,156,2024-02-19,2024-02-25,PLACED,2
173,958,2024-02-19,2024-02-25,CANCELLED,4
34,468,2024-02-19,2024-02-25,CANCELLED,3
163,515,2024-02-19,2024-02-25,PLACED,4
98,23,2024-02-19,2024-02-25,COMPLETED,2
30,723,2024-02-19,2024-02-25,COMPLETED,2
160,678,2024-02-19,2024-02-25,CANCELLED,1
62,20,2024-02-19,2024-02-25,CANCELLED,3
63,575,2024-02-19,2024-02-25,PLACED,2
171,135,2024-02-19,2024-02-25,PLACED,2
43,212,2024-02-19,2024-02-25,COMPLETED,3
48,613,2024-02-19,2024-02-25,CANCELLED,1
133,862,2024-02-19,2024-02-25,COMPLETED,4
182,678,2024-02-19,2024-02-25,CANCELLED,1
82,438,2024-02-19,2024-02-25,COMPLETED,1
200,163,2024-02-19,2024-02-25,PLACED,2
48,207,2024-02-19,2024-02-25,COMPLETED,1
34,215,2024-02-19,2024-02-25,PLACED,3
81,143,2024-02-19,2024-02-25,PLACED,3
169,788,2024-02-19,2024-02-25,PLACED,2
114,632,2024-02-19,2024-02-25,CANCELLED,4
134,233,2024-02-19,2024-02-25,CANCELLED,1
94,395,2024-02-19,2024-02-25,CANCELLED,2
87,507,2024-02-19,2024-02-25,PLACED,3
103,459,2024-02-19,2024-02-25,CANCELLED,4
117,436,2024-02-19,2024-02-25,COMPLETED,3
185,116,2024-02-19,2024-02-25,COMPLETED,2
20,75,2024-02-19,2024-02-25,COMPLETED,3
157,740,2024-02-19,2024-02-25,PLACED,4
32,486,2024-02-19,2024-02-25,COMPLETED,1
95,526,2024-02-19,2024-02-25,CANCELLED,4
192,128,2024-02-19,2024-02-25,PLACED,4
11,646,2024-02-19,2024-02-25,PLACED,1
24,705,2024-02-19,2024-02-25,COMPLETED,2
37,750,2024-02-19,2024-02-25,COMPLETED,3
81,55,2024-02-19,2024-02-25,COMPLETED,3
175,711,2024-02-19,2024-02-25,COMPLETED,1
56,966,2024-02-19,2024-02-25,COMPLETED,1
64,960,2024-02-19,2024-02-25,CANCELLED,2
12,815,2024-02-19,2024-02-25,PLACED,2
129,814,2024-02-19,2024-02-25,PLACED,2
163,18,2024-02-19,2024-02-25,CANCELLED,1
117,713,2024-02-19,2024-02-25,COMPLETED,1
118,306,2024-02-19,2024-02-25,PLACED,4
65,661,2024-02-19,2024-02-25,CANCELLED,1
43,118,2024-02-19,2024-02-25,COMPLETED,4
41,210,2024-02-19,2024-02-25,PLACED,4
150,922,2024-02-19,2024-02-25,PLACED,4
187,94,2024-02-19,2024-02-25,CANCELLED,1
124,213,2024-02-19,2024-02-25,CANCELLED,1
67,550,2024-02-19,2024-02-25,COMPLETED,1
144,515,2024-02-19,2024-02-25,CANCELLED,1
106,639,2024-02-19,2024-02-25,CANCELLED,4
125,197,2024-02-19,2024-02-25,COMPLETED,3
94,598,2024-02-19,2024-02-25,COMPLETED,2
191,857,2024-02-19,2024-02-25,CANCELLED,2
122,40,2024-02-19,2024-02-25,CANCELLED,1
187,59,2024-02-19,2024-02-25,CANCELLED,1
36,508,2024-02-19,2024-02-25,PLACED,2
177,824,2024-02-19,2024-02-25,COMPLETED,3
134,28,2024-02-19,2024-02-25,CANCELLED,3
148,695,2024-02-19,2024-02-25,COMPLETED,3
79,388,2024-02-19,2024-02-25,CANCELLED,3
99,14,2024-02-19,2024-02-25,CANCELLED,4
41,431,2024-02-19,2024-02-25,COMPLETED,3
16,904,2024-02-19,2024-02-25,COMPLETED,3
113,668,2024-02-19,2024-02-25,PLACED,2
48,560,2024-02-19,2024-02-25,PLACED,4
201,990,2024-02-19,2024-02-25,COMPLETED,1
104,717,2024-02-19,2024-02-25,COMPLETED,1
179,85,2024-02-19,2024-02-25,CANCELLED,2
96,169,2024-02-19,2024-02-25,COMPLETED,2
9,430,2024-02-19,2024-02-25,CANCELLED,1
191,644,2024-02-19,2024-02-25,CANCELLED,1
41,878,2024-02-19,2024-02-25,COMPLETED,3
5,686,2024-02-19,2024-02-25,CANCELLED,1
23,262,2024-02-19,2024-02-25,PLACED,2
138,871,2024-02-19,2024-02-25,PLACED,4
165,846,2024-02-19,2024-02-25,CANCELLED,3
67,380,2024-02-19,2024-02-25,PLACED,2
132,207,2024-02-19,2024-02-25,PLACED,2
187,444,2024-02-19,2024-02-25,PLACED,4
125,432,2024-02-19,2024-02-25,CANCELLED,2
102,352,2024-02-19,2024-02-25,COMPLETED,2
193,698,2024-02-19,2024-02-25,COMPLETED,3
177,225,2024-02-19,2024-02-25,CANCELLED,4
127,338,2024-02-19,2024-02-25,COMPLETED,2
129,556,2024-02-19,2024-02-25,CANCELLED,2
31,709,2024-02-19,2024-02-25,COMPLETED,4
201,107,2024-02-19,2024-02-25,COMPLETED,1
167,310,2024-02-19,2024-02-25,CANCELLED,3
23,716,2024-02-19,2024-02-25,CANCELLED,4
11,141,2024-02-19,2024-02-25,COMPLETED,4
144,810,2024-02-19,2024-02-25,PLACED,1
93,841,2024-02-19,2024-02-25,PLACED,2
78,972,2024-02-19,2024-02-25,COMPLETED,3
129,629,2024-02-19,2024-02-25,CANCELLED,1
72,914,2024-02-19,2024-02-25,PLACED,2
200,326,2024-02-19,2024-02-25,COMPLETED,2
92,874,2024-02-19,2024-02-25,PLACED,2
57,411,2024-02-19,2024-02-25,CANCELLED,1
169,814,2024-02-19,2024-02-25,COMPLETED,1
189,251,2024-02-19,2024-02-25,COMPLETED,3
105,763,2024-02-19,2024-02-25,CANCELLED,1
64,95,2024-02-19,2024-02-25,CANCELLED,3
172,14,2024-02-19,2024-02-25,CANCELLED,2
147,255,2024-02-19,2024-02-25,PLACED,3
143,547,2024-02-19,2024-02-25,COMPLETED,2
127,751,2024-02-19,2024-02-25,CANCELLED,4
156,708,2024-02-19,2024-02-25,PLACED,2
35,497,2024-02-19,2024-02-25,CANCELLED,4
180,635,2024-02-19,2024-02-25,CANCELLED,1
202,105,2024-02-19,2024-02-25,PLACED,2
144,639,2024-02-19,2024-02-25,PLACED,3
176,795,2024-02-19,2024-02-25,PLACED,3
103,432,2024-02-19,2024-02-25,CANCELLED,2
192,143,2024-02-19,2024-02-25,CANCELLED,3
175,554,2024-02-19,2024-02-25,CANCELLED,2
37,637,2024-02-19,2024-02-25,PLACED,1
33,909,2024-02-19,2024-02-25,COMPLETED,1
60,97,2024-02-19,2024-02-25,CANCELLED,2
162,810,2024-02-19,2024-02-25,CANCELLED,4
34,408,2024-02-19,2024-02-25,PLACED,4
97,292,2024-02-19,2024-02-25,PLACED,2
128,863,2024-02-19,2024-02-25,CANCELLED,1
66,688,2024-02-19,2024-02-25,COMPLETED,3
153,824,2024-02-19,2024-02-25,CANCELLED,1
72,694,2024-02-19,2024-02-25,COMPLETED,4
112,847,2024-02-19,2024-02-25,CANCELLED,2
54,743,2024-02-19,2024-02-25,CANCELLED,1
190,595,2024-02-19,2024-02-25,COMPLETED,3
92,533,2024-02-19,2024-02-25,CANCELLED,1
28,448,2024-02-19,2024-02-25,COMPLETED,4
156,300,2024-02-19,2024-02-25,CANCELLED,1
163,138,2024-02-19,2024-02-25,PLACED,3
203,695,2024-02-19,2024-02-25,COMPLETED,1
56,858,2024-02-19,2024-02-25,CANCELLED,1
50,170,2024-02-19,2024-02-25,CANCELLED,1
106,944,2024-02-19,2024-02-25,CANCELLED,3
49,682,2024-02-19,2024-02-25,COMPLETED,3
85,586,2024-02-19,2024-02-25,COMPLETED,3
146,643,2024-02-19,2024-02-25,PLACED,3
145,523,2024-02-19,2024-02-25,COMPLETED,1
176,395,2024-02-19,2024-02-25,CANCELLED,2
129,442,2024-02-19,2024-02-25,PLACED,4
162,75,2024-02-19,2024-02-25,CANCELLED,1
66,997,2024-02-19,2024-02-25,CANCELLED,2
159,179,2024-02-19,2024-02-25,CANCELLED,4
186,599,2024-02-19,2024-02-25,COMPLETED,3
20,595,2024-02-19,2024-02-25,PLACED,4
125,795,2024-02-19,2024-02-25,COMPLETED,1
13,544,2024-02-19,2024-02-25,CANCELLED,4
51,367,2024-02-19,2024-02-25,CANCELLED,1
49,177,2024-02-19,2024-02-25,PLACED,2
26,520,2024-02-19,2024-02-25,PLACED,3
58,418,2024-02-19,2024-02-25,COMPLETED,1
72,306,2024-02-19,2024-02-25,COMPLETED,2
55,748,2024-02-19,2024-02-25,PLACED,4
94,962,2024-02-19,2024-02-25,COMPLETED,1
173,395,2024-02-19,2024-02-25,COMPLETED,1
63,464,2024-02-19,2024-02-25,PLACED,3
53,80,2024-02-19,2024-02-25,COMPLETED,2
31,963,2024-02-19,2024-02-25,COMPLETED,4
58,128,2024-02-19,2024-02-25,CANCELLED,3
29,660,2024-02-19,2024-02-25,PLACED,2
41,940,2024-02-19,2024-02-25,COMPLETED,4
119,943,2024-02-19,2024-02-25,COMPLETED,2
142,261,2024-02-19,2024-02-25,COMPLETED,3
58,685,2024-02-19,2024-02-25,CANCELLED,4
157,211,2024-02-19,2024-02-25,COMPLETED,4
101,495,2024-02-19,2024-02-25,PLACED,3
184,397,2024-02-19,2024-02-25,COMPLETED,4
17,52,2024-02-19,2024-02-25,PLACED,3
100,880,2024-02-19,2024-02-25,PLACED,1
178,180,2024-02-19,2024-02-25,PLACED,2
197,28,2024-02-19,2024-02-25,PLACED,4
147,651,2024-02-19,2024-02-25,CANCELLED,1
108,713,2024-02-19,2024-02-25,PLACED,2
191,142,2024-02-19,2024-02-25,CANCELLED,3
188,255,2024-02-19,2024-02-25,COMPLETED,2
79,11,2024-02-19,2024-02-25,CANCELLED,4
56,363,2024-02-19,2024-02-25,COMPLETED,1
46,778,2024-02-19,2024-02-25,COMPLETED,4
178,283,2024-02-19,2024-02-25,CANCELLED,1
103,582,2024-02-19,2024-02-25,CANCELLED,4
99,204,2024-02-19,2024-02-25,PLACED,1
141,387,2024-02-19,2024-02-25,CANCELLED,2
108,261,2024-02-19,2024-02-25,CANCELLED,2
114,529,2024-02-19,2024-02-25,COMPLETED,4
177,852,2024-02-19,2024-02-25,COMPLETED,4
86,984,2024-02-19,2024-02-25,PLACED,1
7,714,2024-02-19,2024-02-25,COMPLETED,4
95,949,2024-02-19,2024-02-25,PLACED,3
38,696,2024-02-19,2024-02-25,COMPLETED,3
157,994,2024-02-19,2024-02-25,PLACED,1
179,811,2024-02-19,2024-02-25,COMPLETED,4
131,851,2024-02-19,2024-02-25,COMPLETED,4
13,176,2024-02-19,2024-02-25,COMPLETED,2
96,425,2024-02-19,2024-02-25,CANCELLED,4
130,772,2024-02-19,2024-02-25,CANCELLED,3
75,141,2024-02-19,2024-02-25,COMPLETED,3
147,868,2024-02-19,2024-02-25,COMPLETED,3
15,747,2024-02-19,2024-02-25,CANCELLED,4
142,585,2024-02-19,2024-02-25,PLACED,1
119,166,2024-02-19,2024-02-25,CANCELLED,1
186,176,2024-02-19,2024-02-25,COMPLETED,4
68,479,2024-02-19,2024-02-25,PLACED,3
174,806,2024-02-19,2024-02-25,CANCELLED,4
160,348,2024-02-19,2024-02-25,COMPLETED,2
55,421,2024-02-19,2024-02-25,CANCELLED,4
152,450,2024-02-19,2024-02-25,PLACED,1
24,33,2024-02-19,2024-02-25,PLACED,1
46,335,2024-02-19,2024-02-25,PLACED,1
164,46,2024-02-19,2024-02-25,PLACED,2
170,550,2024-02-19,2024-02-25,COMPLETED,3
131,769,2024-02-19,2024-02-25,CANCELLED,1
10,537,2024-02-19,2024-02-25,COMPLETED,3
8,569,2024-02-19,2024-02-25,PLACED,1
32,732,2024-02-19,2024-02-25,PLACED,2
152,859,2024-02-19,2024-02-25,PLACED,4
150,213,2024-02-19,2024-02-25,PLACED,4
130,763,2024-02-19,2024-02-25,CANCELLED,3
179,469,2024-02-19,2024-02-25,PLACED,1
83,789,2024-02-19,2024-02-25,COMPLETED,3
8,679,2024-02-19,2024-02-25,COMPLETED,1
182,58,2024-02-19,2024-02-25,COMPLETED,1
43,121,2024-02-19,2024-02-25,PLACED,2
6,128,2024-02-19,2024-02-25,COMPLETED,4
142,608,2024-02-19,2024-02-25,COMPLETED,3
149,308,2024-02-19,2024-02-25,CANCELLED,4
194,404,2024-02-19,2024-02-25,CANCELLED,2
25,376,2024-02-19,2024-02-25,CANCELLED,3
130,280,2024-02-19,2024-02-25,COMPLETED,1
10,200,2024-02-19,2024-02-25,PLACED,2
159,879,2024-02-19,2024-02-25,PLACED,2
12,900,2024-02-19,2024-02-25,PLACED,1
148,573,2024-02-19,2024-02-25,COMPLETED,2
75,136,2024-02-19,2024-02-25,CANCELLED,1
68,850,2024-02-19,2024-02-25,PLACED,4
49,7,2024-02-19,2024-02-25,COMPLETED,2
203,544,2024-02-19,2024-02-25,COMPLETED,1
148,642,2024-02-19,2024-02-25,PLACED,3
113,978,2024-02-19,2024-02-25,PLACED,3
54,923,2024-02-19,2024-02-25,COMPLETED,4
70,889,2024-02-19,2024-02-25,CANCELLED,3
176,447,2024-02-19,2024-02-25,COMPLETED,1
130,774,2024-02-19,2024-02-25,COMPLETED,1
74,212,2024-02-19,2024-02-25,PLACED,4
180,638,2024-02-19,2024-02-25,CANCELLED,4
45,30,2024-02-19,2024-02-25,PLACED,3
46,398,2024-02-19,2024-02-25,COMPLETED,4
183,985,2024-02-19,2024-02-25,COMPLETED,2
119,496,2024-02-19,2024-02-25,CANCELLED,2
123,304,2024-02-19,2024-02-25,CANCELLED,3
159,573,2024-02-19,2024-02-25,COMPLETED,4
183,296,2024-02-19,2024-02-25,COMPLETED,3
72,122,2024-02-19,2024-02-25,COMPLETED,4
43,649,2024-02-19,2024-02-25,CANCELLED,4
36,965,2024-02-19,2024-02-25,CANCELLED,3
145,172,2024-02-19,2024-02-25,COMPLETED,2
88,432,2024-02-19,2024-02-25,COMPLETED,3
128,320,2024-02-19,2024-02-25,CANCELLED,2
129,657,2024-02-19,2024-02-25,PLACED,3
151,411,2024-02-19,2024-02-25,PLACED,3
28,459,2024-02-19,2024-02-25,COMPLETED,1
135,391,2024-02-19,2024-02-25,CANCELLED,1
171,350,2024-02-19,2024-02-25,CANCELLED,1
44,598,2024-02-19,2024-02-25,CANCELLED,2
89,167,2024-02-19,2024-02-25,CANCELLED,3
71,856,2024-02-19,2024-02-25,CANCELLED,3
54,293,2024-02-19,2024-02-25,COMPLETED,2
102,570,2024-02-19,2024-02-25,CANCELLED,4
76,695,2024-02-19,2024-02-25,CANCELLED,2
92,784,2024-02-19,2024-02-25,CANCELLED,4
145,465,2024-02-19,2024-02-25,CANCELLED,3
185,498,2024-02-19,2024-02-25,COMPLETED,1
68,467,2024-02-19,2024-02-25,CANCELLED,4
43,688,2024-02-19,2024-02-25,CANCELLED,3
152,648,2024-02-19,2024-02-25,CANCELLED,3
168,445,2024-02-19,2024-02-25,PLACED,1
76,887,2024-02-19,2024-02-25,COMPLETED,2
100,245,2024-02-19,2024-02-25,CANCELLED,4
108,718,2024-02-19,2024-02-25,COMPLETED,3
55,57,2024-02-19,2024-02-25,PLACED,4
130,899,2024-02-19,2024-02-25,CANCELLED,3
38,278,2024-02-19,2024-02-25,CANCELLED,3
42,907,2024-02-19,2024-02-25,PLACED,1
135,309,2024-02-19,2024-02-25,PLACED,1
137,247,2024-02-19,2024-02-25,PLACED,3
123,925,2024-02-19,2024-02-25,CANCELLED,4
69,951,2024-02-19,2024-02-25,CANCELLED,3
19,539,2024-02-19,2024-02-25,CANCELLED,2
43,127,2024-02-19,2024-02-25,PLACED,4
157,599,2024-02-19,2024-02-25,CANCELLED,4
150,680,2024-02-19,2024-02-25,PLACED,4
26,44,2024-02-19,2024-02-25,COMPLETED,2
164,603,2024-02-19,2024-02-25,COMPLETED,4
33,410,2024-02-19,2024-02-25,COMPLETED,3
96,349,2024-02-19,2024-02-25,CANCELLED,4
162,735,2024-02-19,2024-02-25,CANCELLED,4
98,237,2024-02-19,2024-02-25,PLACED,4
8,427,2024-02-19,2024-02-25,COMPLETED,3
63,967,2024-02-19,2024-02-25,PLACED,4
94,370,2024-02-19,2024-02-25,PLACED,3
122,772,2024-02-19,2024-02-25,PLACED,1
121,704,2024-02-19,2024-02-25,PLACED,2
151,437,2024-02-19,2024-02-25,CANCELLED,3
72,720,2024-02-19,2024-02-25,CANCELLED,2
116,976,2024-02-19,2024-02-25,CANCELLED,1
110,762,2024-02-19,2024-02-25,CANCELLED,3
71,501,2024-02-19,2024-02-25,PLACED,2
40,571,2024-02-19,2024-02-25,PLACED,2
69,640,2024-02-19,2024-02-25,COMPLETED,2
126,683,2024-02-19,2024-02-25,CANCELLED,1
73,70,2024-02-19,2024-02-25,COMPLETED,3
177,585,2024-02-19,2024-02-25,PLACED,2
137,687,2024-02-19,2024-02-25,PLACED,3
99,709,2024-02-19,2024-02-25,COMPLETED,1
32,382,2024-02-19,2024-02-25,COMPLETED,2
91,485,2024-02-19,2024-02-25,CANCELLED,2
194,573,2024-02-19,2024-02-25,CANCELLED,2
187,490,2024-02-19,2024-02-25,COMPLETED,4
70,157,2024-02-19,2024-02-25,COMPLETED,2
180,725,2024-02-19,2024-02-25,CANCELLED,4
167,555,2024-02-19,2024-02-25,PLACED,2
59,167,2024-02-19,2024-02-25,CANCELLED,2
204,783,2024-02-19,2024-02-25,COMPLETED,2
173,10,2024-02-19,2024-02-25,CANCELLED,3
92,579,2024-02-19,2024-02-25,PLACED,4
52,338,2024-02-19,2024-02-25,CANCELLED,4
19,681,2024-02-19,2024-02-25,COMPLETED,4
142,162,2024-02-19,2024-02-25,CANCELLED,3
70,484,2024-02-19,2024-02-25,CANCELLED,1
185,629,2024-02-19,2024-02-25,COMPLETED,3
64,795,2024-02-19,2024-02-25,COMPLETED,2
99,326,2024-02-19,2024-02-25,CANCELLED,1
186,746,2024-02-19,2024-02-25,PLACED,3
150,726,2024-02-19,2024-02-25,COMPLETED,4
54,154,2024-02-19,2024-02-25,PLACED,4
186,62,2024-02-19,2024-02-25,CANCELLED,3
109,611,2024-02-19,2024-02-25,CANCELLED,2
135,279,2024-02-19,2024-02-25,PLACED,3
24,12,2024-02-19,2024-02-25,COMPLETED,4
176,604,2024-02-19,2024-02-25,COMPLETED,1
141,621,2024-02-19,2024-02-25,PLACED,4
69,603,2024-02-19,2024-02-25,COMPLETED,3
7,595,2024-02-19,2024-02-25,PLACED,2
146,928,2024-02-19,2024-02-25,CANCELLED,3
51,913,2024-02-19,2024-02-25,PLACED,3
186,29,2024-02-19,2024-02-25,CANCELLED,2
116,908,2024-02-19,2024-02-25,CANCELLED,4
95,532,2024-02-19,2024-02-25,CANCELLED,3
143,153,2024-02-19,2024-02-25,COMPLETED,2
174,398,2024-02-19,2024-02-25,CANCELLED,1
89,667,2024-02-19,2024-02-25,CANCELLED,2
172,606,2024-02-19,2024-02-25,COMPLETED,4
138,904,2024-02-19,2024-02-25,PLACED,3
5,741,2024-02-19,2024-02-25,COMPLETED,2
190,524,2024-02-19,2024-02-25,PLACED,4
103,479,2024-02-19,2024-02-25,CANCELLED,4
26,91,2024-02-19,2024-02-25,PLACED,4
95,648,2024-02-19,2024-02-25,PLACED,3
136,875,2024-02-19,2024-02-25,CANCELLED,4
51,168,2024-02-19,2024-02-25,PLACED,3
47,901,2024-02-19,2024-02-25,CANCELLED,4
57,767,2024-02-19,2024-02-25,PLACED,4
26,896,2024-02-19,2024-02-25,CANCELLED,1
139,865,2024-02-19,2024-02-25,PLACED,2
65,790,2024-02-19,2024-02-25,COMPLETED,2
72,842,2024-02-19,2024-02-25,CANCELLED,4
113,909,2024-02-19,2024-02-25,COMPLETED,3
109,539,2024-02-19,2024-02-25,COMPLETED,4
145,155,2024-02-19,2024-02-25,PLACED,2
27,725,2024-02-19,2024-02-25,CANCELLED,1
180,734,2024-02-19,2024-02-25,PLACED,4
150,114,2024-02-19,2024-02-25,COMPLETED,1
191,823,2024-02-19,2024-02-25,CANCELLED,4
149,762,2024-02-19,2024-02-25,PLACED,2
198,681,2024-02-19,2024-02-25,CANCELLED,4
81,348,2024-02-19,2024-02-25,CANCELLED,2
33,702,2024-02-19,2024-02-25,COMPLETED,1
91,131,2024-02-19,2024-02-25,PLACED,1
192,353,2024-02-19,2024-02-25,COMPLETED,2
166,632,2024-02-19,2024-02-25,COMPLETED,4
128,952,2024-02-19,2024-02-25,PLACED,4
18,50,2024-02-19,2024-02-25,CANCELLED,2
23,280,2024-02-19,2024-02-25,COMPLETED,1
20,2,2024-02-19,2024-02-25,PLACED,1
69,352,2024-02-19,2024-02-25,PLACED,3
54,534,2024-02-19,2024-02-25,CANCELLED,3
42,513,2024-02-19,2024-02-25,PLACED,3
88,310,2024-02-19,2024-02-25,CANCELLED,2
83,710,2024-02-19,2024-02-25,PLACED,2
137,354,2024-02-19,2024-02-25,PLACED,3
91,63,2024-02-19,2024-02-25,CANCELLED,1
130,628,2024-02-19,2024-02-25,COMPLETED,3
163,304,2024-02-19,2024-02-25,COMPLETED,4
77,832,2024-02-19,2024-02-25,CANCELLED,4
6,218,2024-02-19,2024-02-25,CANCELLED,3
62,884,2024-02-19,2024-02-25,PLACED,1
15,425,2024-02-19,2024-02-25,PLACED,2
50,280,2024-02-19,2024-02-25,PLACED,4
174,208,2024-02-19,2024-02-25,COMPLETED,2
180,705,2024-02-19,2024-02-25,CANCELLED,1
177,31,2024-02-19,2024-02-25,PLACED,2
196,638,2024-02-19,2024-02-25,CANCELLED,1
6,781,2024-02-19,2024-02-25,COMPLETED,4
194,310,2024-02-19,2024-02-25,COMPLETED,4
197,960,2024-02-19,2024-02-25,PLACED,3
65,804,2024-02-19,2024-02-25,COMPLETED,2
131,892,2024-02-19,2024-02-25,CANCELLED,2
196,835,2024-02-19,2024-02-25,PLACED,3
52,926,2024-02-19,2024-02-25,CANCELLED,3
29,414,2024-02-19,2024-02-25,PLACED,4
158,513,2024-02-19,2024-02-25,PLACED,3
32,979,2024-02-19,2024-02-25,PLACED,1
161,905,2024-02-19,2024-02-25,CANCELLED,2
115,502,2024-02-19,2024-02-25,CANCELLED,1
10,465,2024-02-19,2024-02-25,COMPLETED,4
67,443,2024-02-19,2024-02-25,CANCELLED,2
45,590,2024-02-19,2024-02-25,PLACED,2
51,812,2024-02-19,2024-02-25,CANCELLED,3
44,433,2024-02-19,2024-02-25,COMPLETED,4
58,499,2024-02-19,2024-02-25,PLACED,4
33,468,2024-02-19,2024-02-25,PLACED,1
163,242,2024-02-19,2024-02-25,COMPLETED,2
146,865,2024-02-19,2024-02-25,CANCELLED,3
35,940,2024-02-19,2024-02-25,COMPLETED,4
159,299,2024-02-19,2024-02-25,PLACED,3
91,223,2024-02-19,2024-02-25,CANCELLED,2
187,892,2024-02-19,2024-02-25,COMPLETED,1
158,618,2024-02-19,2024-02-25,CANCELLED,2
168,177,2024-02-19,2024-02-25,CANCELLED,3
179,849,2024-02-19,2024-02-25,PLACED,4
124,464,2024-02-19,2024-02-25,PLACED,1
45,259,2024-02-19,2024-02-25,PLACED,3
179,720,2024-02-19,2024-02-25,PLACED,2
9,644,2024-02-19,2024-02-25,COMPLETED,3
148,735,2024-02-19,2024-02-25,COMPLETED,3
129,948,2024-02-19,2024-02-25,CANCELLED,4
166,757,2024-02-19,2024-02-25,PLACED,2
37,821,2024-02-19,2024-02-25,COMPLETED,1
101,917,2024-02-19,2024-02-25,COMPLETED,2
56,299,2024-02-19,2024-02-25,CANCELLED,3
116,318,2024-02-19,2024-02-25,COMPLETED,4
6,564,2024-02-19,2024-02-25,CANCELLED,2
111,34,2024-02-19,2024-02-25,PLACED,2
47,73,2024-02-19,2024-02-25,COMPLETED,3
132,794,2024-02-19,2024-02-25,COMPLETED,3
200,951,2024-02-19,2024-02-25,PLACED,1
52,684,2024-02-19,2024-02-25,COMPLETED,3
198,626,2024-02-19,2024-02-25,PLACED,2
182,110,2024-02-19,2024-02-25,COMPLETED,1
64,534,2024-02-19,2024-02-25,COMPLETED,1
116,576,2024-02-19,2024-02-25,CANCELLED,2
119,176,2024-02-19,2024-02-25,COMPLETED,2
130,624,2024-02-19,2024-02-25,CANCELLED,4
84,285,2024-02-19,2024-02-25,COMPLETED,4
9,861,2024-02-19,2024-02-25,CANCELLED,2
7,560,2024-02-19,2024-02-25,PLACED,4
87,128,2024-02-19,2024-02-25,PLACED,1
150,375,2024-02-19,2024-02-25,PLACED,1
131,428,2024-02-19,2024-02-25,PLACED,3
41,735,2024-02-19,2024-02-25,CANCELLED,3
97,889,2024-02-19,2024-02-25,COMPLETED,3
68,397,2024-02-19,2024-02-25,COMPLETED,1
40,846,2024-02-19,2024-02-25,COMPLETED,1
181,402,2024-02-19,2024-02-25,COMPLETED,1
122,816,2024-02-19,2024-02-25,COMPLETED,2
46,256,2024-02-19,2024-02-25,CANCELLED,3
99,429,2024-02-19,2024-02-25,COMPLETED,1
76,426,2024-02-19,2024-02-25,PLACED,3
7,575,2024-02-19,2024-02-25,PLACED,3
104,865,2024-02-19,2024-02-25,COMPLETED,4
6,738,2024-02-19,2024-02-25,PLACED,3
155,757,2024-02-19,2024-02-25,PLACED,2
141,702,2024-02-19,2024-02-25,PLACED,3
188,344,2024-02-19,2024-02-25,CANCELLED,1
103,884,2024-02-19,2024-02-25,PLACED,3
157,418,2024-02-19,2024-02-25,CANCELLED,1
40,743,2024-02-19,2024-02-25,PLACED,3
80,836,2024-02-19,2024-02-25,COMPLETED,4
17,961,2024-02-19,2024-02-25,COMPLETED,1
58,255,2024-02-19,2024-02-25,COMPLETED,4
60,369,2024-02-19,2024-02-25,CANCELLED,1
186,849,2024-02-19,2024-02-25,COMPLETED,4
107,840,2024-02-19,2024-02-25,COMPLETED,4
6,607,2024-02-19,2024-02-25,CANCELLED,3
99,538,2024-02-19,2024-02-25,COMPLETED,4
25,717,2024-02-19,2024-02-25,COMPLETED,4
7,167,2024-02-19,2024-02-25,COMPLETED,3
143,469,2024-02-19,2024-02-25,CANCELLED,2
122,108,2024-02-19,2024-02-25,COMPLETED,3
49,960,2024-02-19,2024-02-25,CANCELLED,1
43,324,2024-02-19,2024-02-25,COMPLETED,1
131,42,2024-02-19,2024-02-25,CANCELLED,3
125,581,2024-02-19,2024-02-25,CANCELLED,4
23,413,2024-02-19,2024-02-25,COMPLETED,3
141,692,2024-02-19,2024-02-25,COMPLETED,4
160,694,2024-02-19,2024-02-25,PLACED,3
190,603,2024-02-19,2024-02-25,COMPLETED,4
11,784,2024-02-19,2024-02-25,CANCELLED,3
25,669,2024-02-19,2024-02-25,CANCELLED,2
167,534,2024-02-19,2024-02-25,CANCELLED,1
157,80,2024-02-19,2024-02-25,COMPLETED,4
181,453,2024-02-19,2024-02-25,COMPLETED,1
56,792,2024-02-19,2024-02-25,CANCELLED,2
177,285,2024-02-19,2024-02-25,PLACED,4
82,52,2024-02-19,2024-02-25,CANCELLED,2
65,275,2024-02-19,2024-02-25,PLACED,2
175,445,2024-02-19,2024-02-25,COMPLETED,1
54,674,2024-02-19,2024-02-25,COMPLETED,3
201,405,2024-02-19,2024-02-25,PLACED,3
184,587,2024-02-19,2024-02-25,COMPLETED,4
134,940,2024-02-19,2024-02-25,PLACED,3
196,999,2024-02-19,2024-02-25,PLACED,1
197,726,2024-02-19,2024-02-25,PLACED,3
139,752,2024-02-19,2024-02-25,COMPLETED,2
81,882,2024-02-19,2024-02-25,CANCELLED,1
26,142,2024-02-19,2024-02-25,PLACED,1
116,779,2024-02-19,2024-02-25,PLACED,1
156,862,2024-02-19,2024-02-25,PLACED,2
49,613,2024-02-19,2024-02-25,COMPLETED,1
193,112,2024-02-19,2024-02-25,COMPLETED,1
158,71,2024-02-19,2024-02-25,PLACED,3
177,299,2024-02-19,2024-02-25,CANCELLED,1
57,355,2024-02-19,2024-02-25,CANCELLED,2
55,247,2024-02-19,2024-02-25,PLACED,4
164,434,2024-02-19,2024-02-25,PLACED,4
150,445,2024-02-19,2024-02-25,CANCELLED,4
81,192,2024-02-19,2024-02-25,CANCELLED,3
57,78,2024-02-19,2024-02-25,PLACED,2
159,917,2024-02-19,2024-02-25,PLACED,1
153,607,2024-02-19,2024-02-25,PLACED,2
126,675,2024-02-19,2024-02-25,PLACED,4
146,815,2024-02-19,2024-02-25,PLACED,4
145,906,2024-02-19,2024-02-25,CANCELLED,1
155,747,2024-02-19,2024-02-25,COMPLETED,2
199,147,2024-02-19,2024-02-25,CANCELLED,1
201,233,2024-02-19,2024-02-25,COMPLETED,4
56,478,2024-02-19,2024-02-25,CANCELLED,4
96,41,2024-02-19,2024-02-25,COMPLETED,1
86,788,2024-02-19,2024-02-25,COMPLETED,1
122,312,2024-02-19,2024-02-25,CANCELLED,2
12,701,2024-02-19,2024-02-25,CANCELLED,2
170,817,2024-02-19,2024-02-25,CANCELLED,2
93,360,2024-02-19,2024-02-25,COMPLETED,1
150,336,2024-02-19,2024-02-25,PLACED,2
37,783,2024-02-19,2024-02-25,PLACED,2
186,253,2024-02-19,2024-02-25,PLACED,1
20,355,2024-02-19,2024-02-25,COMPLETED,3
109,455,2024-02-19,2024-02-25,COMPLETED,2
175,974,2024-02-19,2024-02-25,CANCELLED,1
147,498,2024-02-19,2024-02-25,COMPLETED,1
7,723,2024-02-19,2024-02-25,COMPLETED,2
62,704,2024-02-19,2024-02-25,CANCELLED,2
186,61,2024-02-19,2024-02-25,CANCELLED,3
76,26,2024-02-19,2024-02-25,COMPLETED,3
116,675,2024-02-19,2024-02-25,COMPLETED,4
75,844,2024-02-19,2024-02-25,COMPLETED,4
198,464,2024-02-19,2024-02-25,COMPLETED,4
141,521,2024-02-19,2024-02-25,COMPLETED,4
68,398,2024-02-19,2024-02-25,PLACED,4
41,764,2024-02-19,2024-02-25,PLACED,3
21,412,2024-02-19,2024-02-25,COMPLETED,1
7,532,2024-02-19,2024-02-25,PLACED,2
106,201,2024-02-19,2024-02-25,COMPLETED,1
36,211,2024-02-19,2024-02-25,PLACED,4
124,579,2024-02-19,2024-02-25,CANCELLED,2
32,704,2024-02-19,2024-02-25,COMPLETED,1
71,194,2024-02-19,2024-02-25,COMPLETED,1
143,417,2024-02-19,2024-02-25,CANCELLED,2
11,523,2024-02-19,2024-02-25,PLACED,4
144,878,2024-02-19,2024-02-25,CANCELLED,1
31,758,2024-02-19,2024-02-25,PLACED,3
104,408,2024-02-19,2024-02-25,COMPLETED,3
181,945,2024-02-19,2024-02-25,COMPLETED,2
58,420,2024-02-19,2024-02-25,COMPLETED,4
161,737,2024-02-19,2024-02-25,PLACED,1
79,466,2024-02-19,2024-02-25,CANCELLED,3
56,894,2024-02-19,2024-02-25,PLACED,3
92,506,2024-02-19,2024-02-25,CANCELLED,1
44,616,2024-02-19,2024-02-25,CANCELLED,1
95,518,2024-02-19,2024-02-25,CANCELLED,3
139,381,2024-02-19,2024-02-25,PLACED,3
203,913,2024-02-19,2024-02-25,PLACED,4
200,518,2024-02-19,2024-02-25,CANCELLED,4
100,225,2024-02-19,2024-02-25,PLACED,4
130,4,2024-02-19,2024-02-25,PLACED,3
96,67,2024-02-19,2024-02-25,COMPLETED,1
68,569,2024-02-19,2024-02-25,COMPLETED,4
168,663,2024-02-19,2024-02-25,CANCELLED,4
84,242,2024-02-19,2024-02-25,COMPLETED,3
143,70,2024-02-19,2024-02-25,CANCELLED,2
191,111,2024-02-19,2024-02-25,PLACED,3
20,248,2024-02-19,2024-02-25,CANCELLED,3
167,441,2024-02-19,2024-02-25,COMPLETED,3
188,302,2024-02-19,2024-02-25,CANCELLED,4
56,829,2024-02-19,2024-02-25,PLACED,2
156,675,2024-02-19,2024-02-25,CANCELLED,3
87,407,2024-02-19,2024-02-25,CANCELLED,4
90,926,2024-02-19,2024-02-25,CANCELLED,1
146,21,2024-02-19,2024-02-25,COMPLETED,3
139,38,2024-02-19,2024-02-25,COMPLETED,3
170,872,2024-02-19,2024-02-25,CANCELLED,2
183,237,2024-02-19,2024-02-25,CANCELLED,2
97,54,2024-02-19,2024-02-25,CANCELLED,2
154,436,2024-02-19,2024-02-25,CANCELLED,4
204,668,2024-02-19,2024-02-25,COMPLETED,3
80,63,2024-02-19,2024-02-25,CANCELLED,1
8,62,2024-02-19,2024-02-25,PLACED,3
82,958,2024-02-19,2024-02-25,CANCELLED,2
83,606,2024-02-19,2024-02-25,CANCELLED,4
145,35,2024-02-19,2024-02-25,CANCELLED,2
169,137,2024-02-19,2024-02-25,CANCELLED,2
39,532,2024-02-19,2024-02-25,PLACED,3
23,37,2024-02-19,2024-02-25,CANCELLED,1
118,834,2024-02-19,2024-02-25,CANCELLED,1
193,908,2024-02-19,2024-02-25,CANCELLED,4
77,494,2024-02-19,2024-02-25,CANCELLED,1
119,274,2024-02-19,2024-02-25,PLACED,3
54,67,2024-02-19,2024-02-25,PLACED,2
199,490,2024-02-19,2024-02-25,CANCELLED,1
185,746,2024-02-19,2024-02-25,COMPLETED,4
135,737,2024-02-19,2024-02-25,CANCELLED,2
110,543,2024-02-19,2024-02-25,PLACED,2
109,352,2024-02-19,2024-02-25,PLACED,4
63,274,2024-02-19,2024-02-25,COMPLETED,4
105,152,2024-02-19,2024-02-25,PLACED,1
7,667,2024-02-19,2024-02-25,COMPLETED,3
32,322,2024-02-19,2024-02-25,PLACED,3
72,311,2024-02-19,2024-02-25,COMPLETED,4
154,359,2024-02-19,2024-02-25,CANCELLED,3
43,58,2024-02-19,2024-02-25,PLACED,3
127,824,2024-02-19,2024-02-25,COMPLETED,1
168,854,2024-02-19,2024-02-25,PLACED,4
5,234,2024-02-19,2024-02-25,COMPLETED,2
115,218,2024-02-19,2024-02-25,CANCELLED,2
190,67,2024-02-19,2024-02-25,PLACED,1
100,547,2024-02-19,2024-02-25,CANCELLED,4
20,733,2024-02-19,2024-02-25,CANCELLED,4
58,608,2024-02-19,2024-02-25,CANCELLED,1
174,583,2024-02-19,2024-02-25,CANCELLED,2
13,167,2024-02-19,2024-02-25,CANCELLED,2
192,47,2024-02-19,2024-02-25,COMPLETED,2
45,635,2024-02-19,2024-02-25,COMPLETED,2
198,446,2024-02-19,2024-02-25,PLACED,1
154,188,2024-02-19,2024-02-25,CANCELLED,3
16,481,2024-02-19,2024-02-25,COMPLETED,2
106,724,2024-02-19,2024-02-25,COMPLETED,1
185,67,2024-02-19,2024-02-25,CANCELLED,3
92,414,2024-02-19,2024-02-25,PLACED,2
194,331,2024-02-19,2024-02-25,COMPLETED,4
98,741,2024-02-19,2024-02-25,CANCELLED,3
149,99,2024-02-19,2024-02-25,PLACED,3
6,232,2024-02-19,2024-02-25,PLACED,1
107,659,2024-02-19,2024-02-25,COMPLETED,3
182,87,2024-02-19,2024-02-25,COMPLETED,3
57,507,2024-02-19,2024-02-25,PLACED,3
56,172,2024-02-19,2024-02-25,COMPLETED,1
89,171,2024-02-19,2024-02-25,CANCELLED,2
111,817,2024-02-19,2024-02-25,PLACED,3
47,179,2024-02-19,2024-02-25,CANCELLED,3
171,13,2024-02-19,2024-02-25,PLACED,4
100,670,2024-02-19,2024-02-25,COMPLETED,1
149,544,2024-02-19,2024-02-25,COMPLETED,1
169,351,2024-02-19,2024-02-25,PLACED,1
159,967,2024-02-19,2024-02-25,CANCELLED,2
147,518,2024-02-19,2024-02-25,COMPLETED,3
83,21,2024-02-19,2024-02-25,COMPLETED,2
49,523,2024-02-19,2024-02-25,COMPLETED,2
160,736,2024-02-19,2024-02-25,PLACED,1
11,461,2024-02-19,2024-02-25,COMPLETED,4
182,133,2024-02-19,2024-02-25,PLACED,2
131,324,2024-02-19,2024-02-25,CANCELLED,3
78,918,2024-02-19,2024-02-25,PLACED,4
64,178,2024-02-19,2024-02-25,PLACED,1
91,637,2024-02-19,2024-02-25,CANCELLED,2
186,362,2024-02-19,2024-02-25,PLACED,3
171,974,2024-02-19,2024-02-25,COMPLETED,1
184,469,2024-02-19,2024-02-25,COMPLETED,3
187,712,2024-02-19,2024-02-25,PLACED,2
85,577,2024-02-19,2024-02-25,PLACED,1
152,181,2024-02-19,2024-02-25,PLACED,2
166,439,2024-02-19,2024-02-25,PLACED,2
161,283,2024-02-19,2024-02-25,CANCELLED,1
26,252,2024-02-19,2024-02-25,CANCELLED,3
46,635,2024-02-19,2024-02-25,COMPLETED,2
153,808,2024-02-19,2024-02-25,COMPLETED,3
158,418,2024-02-19,2024-02-25,PLACED,3
8,896,2024-02-19,2024-02-25,PLACED,3
188,908,2024-02-19,2024-02-25,COMPLETED,2
71,457,2024-02-19,2024-02-25,CANCELLED,3
98,791,2024-02-19,2024-02-25,PLACED,2
20,127,2024-02-19,2024-02-25,CANCELLED,2
167,726,2024-02-19,2024-02-25,CANCELLED,4
67,725,2024-02-19,2024-02-25,PLACED,4
70,895,2024-02-19,2024-02-25,COMPLETED,1
129,811,2024-02-19,2024-02-25,COMPLETED,3
168,38,2024-02-19,2024-02-25,PLACED,3
127,873,2024-02-19,2024-02-25,CANCELLED,1
33,927,2024-02-19,2024-02-25,PLACED,3
118,341,2024-02-19,2024-02-25,CANCELLED,1
111,614,2024-02-19,2024-02-25,PLACED,3
156,512,2024-02-19,2024-02-25,PLACED,4
134,208,2024-02-19,2024-02-25,PLACED,3
123,583,2024-02-19,2024-02-25,PLACED,1
102,701,2024-02-19,2024-02-25,COMPLETED,1
201,766,2024-02-19,2024-02-25,COMPLETED,4
133,243,2024-02-19,2024-02-25,COMPLETED,2
128,835,2024-02-19,2024-02-25,CANCELLED,3
88,487,2024-02-19,2024-02-25,CANCELLED,3
173,332,2024-02-19,2024-02-25,PLACED,2
201,937,2024-02-19,2024-02-25,COMPLETED,2
59,287,2024-02-19,2024-02-25,CANCELLED,2
59,321,2024-02-19,2024-02-25,COMPLETED,1
41,788,2024-02-19,2024-02-25,COMPLETED,1
169,27,2024-02-19,2024-02-25,COMPLETED,1
122,749,2024-02-19,2024-02-25,PLACED,4
165,407,2024-02-19,2024-02-25,COMPLETED,2
110,31,2024-02-19,2024-02-25,PLACED,1
45,526,2024-02-19,2024-02-25,CANCELLED,3
70,876,2024-02-19,2024-02-25,COMPLETED,4
69,584,2024-02-19,2024-02-25,COMPLETED,3
82,462,2024-02-19,2024-02-25,CANCELLED,4
81,298,2024-02-19,2024-02-25,COMPLETED,2
126,626,2024-02-19,2024-02-25,CANCELLED,3
128,203,2024-02-19,2024-02-25,CANCELLED,1
184,122,2024-02-19,2024-02-25,CANCELLED,1
87,531,2024-02-19,2024-02-25,PLACED,1
12,501,2024-02-19,2024-02-25,CANCELLED,2
12,95,2024-02-19,2024-02-25,CANCELLED,3
168,196,2024-02-19,2024-02-25,COMPLETED,2
147,198,2024-02-19,2024-02-25,CANCELLED,2
79,40,2024-02-19,2024-02-25,PLACED,4
151,298,2024-02-19,2024-02-25,PLACED,2
66,508,2024-02-19,2024-02-25,CANCELLED,1
66,420,2024-02-19,2024-02-25,PLACED,3
203,82,2024-02-19,2024-02-25,CANCELLED,4
177,362,2024-02-19,2024-02-25,COMPLETED,3
146,807,2024-02-19,2024-02-25,PLACED,1
171,747,2024-02-19,2024-02-25,COMPLETED,1
89,543,2024-02-19,2024-02-25,COMPLETED,3
5,668,2024-02-19,2024-02-25,COMPLETED,4
193,225,2024-02-19,2024-02-25,COMPLETED,3
116,484,2024-02-19,2024-02-25,CANCELLED,4
163,83,2024-02-19,2024-02-25,CANCELLED,3
182,581,2024-02-19,2024-02-25,PLACED,2
162,313,2024-02-19,2024-02-25,PLACED,3
101,420,2024-02-19,2024-02-25,CANCELLED,3
13,478,2024-02-19,2024-02-25,COMPLETED,2
56,201,2024-02-19,2024-02-25,PLACED,4
26,234,2024-02-19,2024-02-25,PLACED,1
103,402,2024-02-19,2024-02-25,PLACED,3
133,41,2024-02-19,2024-02-25,COMPLETED,3
142,732,2024-02-19,2024-02-25,CANCELLED,3
27,511,2024-02-19,2024-02-25,PLACED,4
146,947,2024-02-19,2024-02-25,COMPLETED,1
106,141,2024-02-19,2024-02-25,COMPLETED,3
91,787,2024-02-19,2024-02-25,CANCELLED,2
15,926,2024-02-19,2024-02-25,COMPLETED,2
180,120,2024-02-19,2024-02-25,PLACED,2
114,77,2024-02-19,2024-02-25,COMPLETED,1
183,362,2024-02-19,2024-02-25,PLACED,2
66,367,2024-02-19,2024-02-25,CANCELLED,3
63,271,2024-02-19,2024-02-25,CANCELLED,1
82,968,2024-02-19,2024-02-25,PLACED,1
64,325,2024-02-19,2024-02-25,COMPLETED,2
45,953,2024-02-19,2024-02-25,COMPLETED,1
202,663,2024-02-19,2024-02-25,PLACED,3
105,548,2024-02-19,2024-02-25,COMPLETED,4
159,121,2024-02-19,2024-02-25,COMPLETED,1
104,596,2024-02-19,2024-02-25,COMPLETED,4
6,499,2024-02-19,2024-02-25,COMPLETED,2
106,680,2024-02-19,2024-02-25,PLACED,2
36,973,2024-02-19,2024-02-25,COMPLETED,4
149,55,2024-02-19,2024-02-25,CANCELLED,3
27,523,2024-02-19,2024-02-25,PLACED,2
137,390,2024-02-19,2024-02-25,COMPLETED,1
54,871,2024-02-19,2024-02-25,CANCELLED,2
104,697,2024-02-19,2024-02-25,PLACED,2
21,995,2024-02-19,2024-02-25,CANCELLED,1
91,104,2024-02-19,2024-02-25,PLACED,4
135,655,2024-02-19,2024-02-25,PLACED,1
71,401,2024-02-19,2024-02-25,CANCELLED,3
172,460,2024-02-19,2024-02-25,COMPLETED,4
185,298,2024-02-19,2024-02-25,PLACED,2
131,77,2024-02-19,2024-02-25,CANCELLED,3
187,991,2024-02-19,2024-02-25,COMPLETED,2
30,192,2024-02-19,2024-02-25,CANCELLED,2
204,291,2024-02-19,2024-02-25,CANCELLED,2
154,381,2024-02-19,2024-02-25,CANCELLED,1
31,636,2024-02-19,2024-02-25,COMPLETED,3
109,365,2024-02-19,2024-02-25,CANCELLED,1
196,408,2024-02-19,2024-02-25,CANCELLED,2
64,244,2024-02-19,2024-02-25,PLACED,2
93,647,2024-02-19,2024-02-25,CANCELLED,4
52,685,2024-02-19,2024-02-25,COMPLETED,1
150,938,2024-02-19,2024-02-25,COMPLETED,4
131,130,2024-02-19,2024-02-25,PLACED,4
171,534,2024-02-19,2024-02-25,COMPLETED,4
11,894,2024-02-19,2024-02-25,COMPLETED,1
170,672,2024-02-19,2024-02-25,PLACED,1
170,58,2024-02-19,2024-02-25,CANCELLED,4
171,678,2024-02-19,2024-02-25,CANCELLED,4
165,979,2024-02-19,2024-02-25,CANCELLED,2
61,510,2024-02-19,2024-02-25,CANCELLED,4
101,356,2024-02-19,2024-02-25,PLACED,2
162,120,2024-02-19,2024-02-25,PLACED,3
158,59,2024-02-19,2024-02-25,CANCELLED,4
195,623,2024-02-19,2024-02-25,COMPLETED,3
175,335,2024-02-19,2024-02-25,PLACED,1
23,920,2024-02-19,2024-02-25,CANCELLED,1
34,357,2024-02-19,2024-02-25,COMPLETED,1
168,442,2024-02-19,2024-02-25,CANCELLED,4
153,728,2024-02-19,2024-02-25,CANCELLED,2
78,640,2024-02-19,2024-02-25,CANCELLED,3
88,231,2024-02-19,2024-02-25,PLACED,1
185,771,2024-02-19,2024-02-25,CANCELLED,1
145,546,2024-02-19,2024-02-25,CANCELLED,3
126,230,2024-02-19,2024-02-25,CANCELLED,2
23,241,2024-02-19,2024-02-25,COMPLETED,2
10,495,2024-02-19,2024-02-25,COMPLETED,4
164,383,2024-02-19,2024-02-25,COMPLETED,3
51,192,2024-02-19,2024-02-25,COMPLETED,1
37,48,2024-02-19,2024-02-25,CANCELLED,2
60,782,2024-02-19,2024-02-25,PLACED,2
163,851,2024-02-19,2024-02-25,COMPLETED,4
29,974,2024-02-19,2024-02-25,COMPLETED,2
126,297,2024-02-19,2024-02-25,COMPLETED,1
59,275,2024-02-19,2024-02-25,CANCELLED,2
62,863,2024-02-19,2024-02-25,CANCELLED,2
116,805,2024-02-19,2024-02-25,COMPLETED,2
191,183,2024-02-19,2024-02-25,CANCELLED,2
114,281,2024-02-19,2024-02-25,CANCELLED,2
150,613,2024-02-19,2024-02-25,CANCELLED,4
123,13,2024-02-19,2024-02-25,CANCELLED,2
71,506,2024-02-19,2024-02-25,CANCELLED,3
47,680,2024-02-19,2024-02-25,CANCELLED,4
71,8,2024-02-19,2024-02-25,PLACED,1
35,231,2024-02-19,2024-02-25,CANCELLED,2
23,690,2024-02-19,2024-02-25,CANCELLED,4
34,857,2024-02-19,2024-02-25,PLACED,1
115,775,2024-02-19,2024-02-25,PLACED,2
48,727,2024-02-19,2024-02-25,COMPLETED,4
179,828,2024-02-19,2024-02-25,COMPLETED,1
58,116,2024-02-19,2024-02-25,COMPLETED,1
84,560,2024-02-19,2024-02-25,PLACED,2
169,645,2024-02-19,2024-02-25,PLACED,2
117,490,2024-02-19,2024-02-25,PLACED,2
6,590,2024-02-19,2024-02-25,PLACED,2
22,622,2024-02-19,2024-02-25,CANCELLED,1
128,625,2024-02-19,2024-02-25,COMPLETED,1
70,605,2024-02-19,2024-02-25,CANCELLED,3
189,228,2024-02-19,2024-02-25,COMPLETED,3
103,451,2024-02-19,2024-02-25,CANCELLED,2
127,500,2024-02-19,2024-02-25,PLACED,3
183,925,2024-02-19,2024-02-25,COMPLETED,1
89,101,2024-02-19,2024-02-25,CANCELLED,4
32,612,2024-02-19,2024-02-25,PLACED,1
100,394,2024-02-19,2024-02-25,COMPLETED,2
16,444,2024-02-19,2024-02-25,CANCELLED,2
104,285,2024-02-19,2024-02-25,PLACED,3
198,99,2024-02-19,2024-02-25,PLACED,3
79,411,2024-02-19,2024-02-25,PLACED,4
28,686,2024-02-19,2024-02-25,CANCELLED,3
93,5,2024-02-19,2024-02-25,COMPLETED,2
115,736,2024-02-19,2024-02-25,CANCELLED,2
63,747,2024-02-19,2024-02-25,CANCELLED,1
116,197,2024-02-19,2024-02-25,CANCELLED,3
134,459,2024-02-19,2024-02-25,COMPLETED,4
105,65,2024-02-19,2024-02-25,CANCELLED,1
151,959,2024-02-19,2024-02-25,PLACED,4
134,504,2024-02-19,2024-02-25,PLACED,2
7,726,2024-02-19,2024-02-25,PLACED,4
132,361,2024-02-19,2024-02-25,COMPLETED,3
170,392,2024-02-19,2024-02-25,CANCELLED,2
177,100,2024-02-19,2024-02-25,COMPLETED,2
38,973,2024-02-19,2024-02-25,PLACED,2
125,948,2024-02-19,2024-02-25,COMPLETED,2
204,537,2024-02-19,2024-02-25,CANCELLED,1
154,104,2024-02-19,2024-02-25,PLACED,4
55,642,2024-02-19,2024-02-25,CANCELLED,2
130,109,2024-02-19,2024-02-25,COMPLETED,2
126,140,2024-02-19,2024-02-25,COMPLETED,1
19,803,2024-02-19,2024-02-25,PLACED,1
86,556,2024-02-19,2024-02-25,COMPLETED,1
80,492,2024-02-19,2024-02-25,PLACED,2
129,773,2024-02-19,2024-02-25,COMPLETED,2
100,371,2024-02-19,2024-02-25,PLACED,1
201,769,2024-02-19,2024-02-25,PLACED,1
180,300,2024-02-19,2024-02-25,PLACED,2
139,275,2024-02-19,2024-02-25,COMPLETED,2
150,928,2024-02-19,2024-02-25,CANCELLED,4
27,591,2024-02-19,2024-02-25,PLACED,4
70,338,2024-02-19,2024-02-25,CANCELLED,4
102,89,2024-02-19,2024-02-25,CANCELLED,3
158,211,2024-02-19,2024-02-25,CANCELLED,4
83,989,2024-02-19,2024-02-25,PLACED,2
190,540,2024-02-19,2024-02-25,PLACED,1
177,772,2024-02-19,2024-02-25,CANCELLED,2
120,311,2024-02-19,2024-02-25,CANCELLED,4
17,200,2024-02-19,2024-02-25,CANCELLED,3
116,483,2024-02-19,2024-02-25,COMPLETED,4
163,224,2024-02-19,2024-02-25,PLACED,1
113,897,2024-02-19,2024-02-25,COMPLETED,4
184,8,2024-02-19,2024-02-25,COMPLETED,3
168,977,2024-02-19,2024-02-25,PLACED,1
57,610,2024-02-19,2024-02-25,COMPLETED,2
164,884,2024-02-19,2024-02-25,PLACED,1
55,778,2024-02-19,2024-02-25,CANCELLED,1
152,264,2024-02-19,2024-02-25,CANCELLED,4
41,755,2024-02-19,2024-02-25,CANCELLED,3
126,368,2024-02-19,2024-02-25,COMPLETED,4
68,156,2024-02-19,2024-02-25,COMPLETED,4
131,534,2024-02-19,2024-02-25,PLACED,2
130,903,2024-02-19,2024-02-25,COMPLETED,3
42,225,2024-02-19,2024-02-25,CANCELLED,3
135,655,2024-02-19,2024-02-25,CANCELLED,4
65,369,2024-02-19,2024-02-25,COMPLETED,3
135,612,2024-02-19,2024-02-25,PLACED,4
133,758,2024-02-19,2024-02-25,PLACED,3
85,894,2024-02-19,2024-02-25,CANCELLED,3
183,268,2024-02-19,2024-02-25,PLACED,2
90,339,2024-02-19,2024-02-25,COMPLETED,1
121,68,2024-02-19,2024-02-25,COMPLETED,3
35,235,2024-02-19,2024-02-25,CANCELLED,4
166,513,2024-02-19,2024-02-25,COMPLETED,3
170,603,2024-02-19,2024-02-25,PLACED,4
108,631,2024-02-19,2024-02-25,CANCELLED,3
163,749,2024-02-19,2024-02-25,COMPLETED,1
153,446,2024-02-19,2024-02-25,COMPLETED,2
195,315,2024-02-19,2024-02-25,PLACED,3
124,343,2024-02-19,2024-02-25,CANCELLED,4
137,363,2024-02-19,2024-02-25,PLACED,4
150,649,2024-02-19,2024-02-25,CANCELLED,1
30,977,2024-02-19,2024-02-25,COMPLETED,4
170,526,2024-02-19,2024-02-25,PLACED,1
6,124,2024-02-19,2024-02-25,COMPLETED,4
21,983,2024-02-19,2024-02-25,COMPLETED,3
118,350,2024-02-19,2024-02-25,COMPLETED,4
199,547,2024-02-19,2024-02-25,PLACED,2
198,774,2024-02-19,2024-02-25,CANCELLED,2
14,961,2024-02-19,2024-02-25,COMPLETED,2
11,68,2024-02-19,2024-02-25,CANCELLED,3
175,149,2024-02-19,2024-02-25,COMPLETED,2
51,991,2024-02-19,2024-02-25,CANCELLED,1
102,387,2024-02-19,2024-02-25,COMPLETED,4
113,946,2024-02-19,2024-02-25,COMPLETED,4
177,735,2024-02-19,2024-02-25,CANCELLED,3
181,870,2024-02-19,2024-02-25,PLACED,2
154,817,2024-02-19,2024-02-25,COMPLETED,1
66,621,2024-02-19,2024-02-25,CANCELLED,4
29,955,2024-02-19,2024-02-25,PLACED,3
49,453,2024-02-19,2024-02-25,CANCELLED,2
5,821,2024-02-19,2024-02-25,COMPLETED,1
42,319,2024-02-19,2024-02-25,COMPLETED,2
91,504,2024-02-19,2024-02-25,COMPLETED,4
65,740,2024-02-19,2024-02-25,CANCELLED,1
191,378,2024-02-19,2024-02-25,COMPLETED,4
96,535,2024-02-19,2024-02-25,PLACED,1
78,458,2024-02-19,2024-02-25,COMPLETED,1
161,890,2024-02-19,2024-02-25,PLACED,2
55,186,2024-02-19,2024-02-25,COMPLETED,2
185,7,2024-02-19,2024-02-25,CANCELLED,4
117,455,2024-02-19,2024-02-25,PLACED,1
193,678,2024-02-19,2024-02-25,COMPLETED,4
84,677,2024-02-19,2024-02-25,COMPLETED,4
181,478,2024-02-19,2024-02-25,PLACED,2
52,164,2024-02-19,2024-02-25,COMPLETED,1
12,937,2024-02-19,2024-02-25,COMPLETED,2
95,752,2024-02-19,2024-02-25,COMPLETED,1
33,130,2024-02-19,2024-02-25,PLACED,4
130,992,2024-02-19,2024-02-25,PLACED,3
117,557,2024-02-19,2024-02-25,COMPLETED,3
148,498,2024-02-19,2024-02-25,CANCELLED,2
133,747,2024-02-19,2024-02-25,COMPLETED,3
96,960,2024-02-19,2024-02-25,COMPLETED,3
54,910,2024-02-19,2024-02-25,COMPLETED,4
150,499,2024-02-19,2024-02-25,PLACED,2
151,985,2024-02-19,2024-02-25,CANCELLED,1
167,703,2024-02-19,2024-02-25,PLACED,1
166,790,2024-02-19,2024-02-25,COMPLETED,3
49,38,2024-02-19,2024-02-25,PLACED,2
178,401,2024-02-19,2024-02-25,CANCELLED,1
196,692,2024-02-19,2024-02-25,PLACED,4
80,636,2024-02-19,2024-02-25,CANCELLED,4
152,542,2024-02-19,2024-02-25,COMPLETED,1
83,70,2024-02-19,2024-02-25,CANCELLED,4
145,685,2024-02-19,2024-02-25,CANCELLED,2
72,29,2024-02-19,2024-02-25,CANCELLED,3
113,310,2024-02-19,2024-02-25,PLACED,2
183,172,2024-02-19,2024-02-25,PLACED,3
149,371,2024-02-19,2024-02-25,PLACED,1
36,719,2024-02-19,2024-02-25,CANCELLED,3
117,296,2024-02-19,2024-02-25,PLACED,4
9,770,2024-02-19,2024-02-25,CANCELLED,1
162,171,2024-02-19,2024-02-25,CANCELLED,3
94,26,2024-02-19,2024-02-25,COMPLETED,2
92,633,2024-02-19,2024-02-25,PLACED,4
141,391,2024-02-19,2024-02-25,CANCELLED,4
161,692,2024-02-19,2024-02-25,CANCELLED,2
189,305,2024-02-19,2024-02-25,PLACED,3
134,203,2024-02-19,2024-02-25,COMPLETED,4
183,989,2024-02-19,2024-02-25,PLACED,4
141,94,2024-02-19,2024-02-25,CANCELLED,3
43,675,2024-02-19,2024-02-25,PLACED,4
121,696,2024-02-19,2024-02-25,COMPLETED,4
190,904,2024-02-19,2024-02-25,CANCELLED,1
141,732,2024-02-19,2024-02-25,CANCELLED,2
75,632,2024-02-19,2024-02-25,COMPLETED,4
85,252,2024-02-19,2024-02-25,COMPLETED,2
47,214,2024-02-19,2024-02-25,CANCELLED,3
138,802,2024-02-19,2024-02-25,PLACED,1
162,864,2024-02-19,2024-02-25,CANCELLED,1
55,268,2024-02-19,2024-02-25,COMPLETED,1
70,595,2024-02-19,2024-02-25,COMPLETED,1
159,574,2024-02-19,2024-02-25,COMPLETED,3
65,525,2024-02-19,2024-02-25,COMPLETED,3
70,495,2024-02-19,2024-02-25,PLACED,2
156,965,2024-02-19,2024-02-25,PLACED,4
189,206,2024-02-19,2024-02-25,COMPLETED,3
173,775,2024-02-19,2024-02-25,PLACED,2
87,804,2024-02-19,2024-02-25,CANCELLED,3
138,545,2024-02-19,2024-02-25,PLACED,1
9,22,2024-02-19,2024-02-25,COMPLETED,2
97,989,2024-02-19,2024-02-25,PLACED,3
22,167,2024-02-19,2024-02-25,CANCELLED,3
135,735,2024-02-19,2024-02-25,PLACED,4
152,922,2024-02-19,2024-02-25,CANCELLED,1
177,695,2024-02-19,2024-02-25,COMPLETED,4
95,565,2024-02-19,2024-02-25,PLACED,1
139,255,2024-02-19,2024-02-25,PLACED,4
13,491,2024-02-19,2024-02-25,CANCELLED,1
10,467,2024-02-19,2024-02-25,COMPLETED,3
181,338,2024-02-19,2024-02-25,PLACED,1
21,637,2024-02-19,2024-02-25,PLACED,1
15,275,2024-02-19,2024-02-25,COMPLETED,4
24,623,2024-02-19,2024-02-25,COMPLETED,1
107,389,2024-02-19,2024-02-25,CANCELLED,2
195,360,2024-02-19,2024-02-25,COMPLETED,1
131,560,2024-02-19,2024-02-25,PLACED,2
138,986,2024-02-19,2024-02-25,PLACED,3
52,597,2024-02-19,2024-02-25,PLACED,2
82,868,2024-02-19,2024-02-25,PLACED,4
174,765,2024-02-19,2024-02-25,CANCELLED,2
160,4,2024-02-19,2024-02-25,COMPLETED,2
66,928,2024-02-19,2024-02-25,CANCELLED,4
14,189,2024-02-19,2024-02-25,COMPLETED,4
35,367,2024-02-19,2024-02-25,COMPLETED,2
